ID,Location,address,maps,contact,contact2,contact3
Store ID: T165,100 Feet Road Karaikudi,"143/2 and 143/3, 100 Feet Road , Opposite Corner Bakery, Karaikudi, 630001, India","http://maps.google.com/maps?saddr=&daddr=143/2%20and%20143/3,%20100%20Feet%20Road%20,%20Opposite%20Corner%20Bakery,%20Karaikudi,%20630001,%20India",04565 400 886,tel:04565 400 886,tel:
Store ID: K137,"7th Phase JP Nagar, Bengaluru","4,7, MN Complex, No. 3, RBI Layout Main Rd, near Samrudhi Jewellers, JP Nagar 7th Phase, Bengaluru, Karnataka 560078","http://maps.google.com/maps?saddr=&daddr=4,7,%20MN%20Complex,%20No.%203,%20RBI%20Layout%20Main%20Rd,%20near%20Samrudhi%20Jewellers,%20JP%20Nagar%207th%20Phase,%20Bengaluru,%20Karnataka%20560078",072000 93614,tel:072000 93614,tel:+919791597915
Store ID: T066,"Adambakkam, Chennai","No. 44 /1 (Plot No. 31), Kakkan Nagar, 1st Cross Street, Velachery, Opp To Vodafone Store, Chennai, 600042, India","http://maps.google.com/maps?saddr=&daddr=No.%2044%20/1%20(Plot%20No.%2031),%20Kakkan%20Nagar,%201st%20Cross%20Street,%20Velachery,%20Opp%20To%20Vodafone%20Store,%20Chennai,%20600042,%20India",096000 05112,tel:096000 05112,tel:+919791597915
Store ID: T153,"Alagapuram Periyaputhur, Salem","No: 1/1, Saradha College Road,, Salem, 636004, India","http://maps.google.com/maps?saddr=&daddr=No:%201/1,%20Saradha%20College%20Road,,%20Salem,%20636004,%20India",0427 496 1165,tel:0427 496 1165,tel:
Store ID: T060,"Alwarpet, Chennai","Shop.no.73/4,, kalpataru complex, Sir.C.P Ramasamy road, Alwarpet, Chennai, 600018, India","http://maps.google.com/maps?saddr=&daddr=Shop.no.73/4,,%20kalpataru%20complex,%20Sir.C.P%20Ramasamy%20road,%20Alwarpet,%20Chennai,%20600018,%20India",044 4793 7769,tel:044 4793 7769,tel:
Store ID: T097,"Alwarthirunagar, Chennai","No.173/4, RA Complex, Arcot Road, Alwar Thiru Nagar, Valasarvakkam, Chennai, 600087, India","http://maps.google.com/maps?saddr=&daddr=No.173/4,%20RA%20Complex,%20Arcot%20Road,%20Alwar%20Thiru%20Nagar,%20Valasarvakkam,%20Chennai,%20600087,%20India",044 4215 5964,tel:044 4215 5964,tel:+919791597915
Store ID: T051,"Aminjikarai, Chennai","New No 544, Old No 693, Poonamallee High Road, Aminjikarai, Chennai, 600029, India","http://maps.google.com/maps?saddr=&daddr=New%20No%20544,%20Old%20No%20693,%20Poonamallee%20High%20Road,%20Aminjikarai,%20Chennai,%20600029,%20India",044 4553 8223,tel:044 4553 8223,tel:919791597915
Store ID: T203,"Anna Nagar, Chengalpattu","No-10, GF, Chengalpattu Main Rd, near Reliance Trends, Anna Nagar, Chengalpattu, Ammanambakkam, Tamil Nadu 603001","http://maps.google.com/maps?saddr=&daddr=No-10,%20GF,%20Chengalpattu%20Main%20Rd,%20near%20Reliance%20Trends,%20Anna%20Nagar,%20Chengalpattu,%20Ammanambakkam,%20Tamil%20Nadu%20603001",044 4765 3344,tel:044 4765 3344,tel:+919791597915
Store ID: T164,"Anna Nagar, Chennai","No.9/4, Ground & First Floor, 3Rd Avenue, A Block, Kumaran Nagar, Near Icici Bank And Viveks, Anna Nagar, Chennai, 600040, India","http://maps.google.com/maps?saddr=&daddr=No.9/4,%20Ground%20&%20First%20Floor,%203Rd%20Avenue,%20A%20Block,%20Kumaran%20Nagar,%20Near%20Icici%20Bank%20And%20Viveks,%20Anna%20Nagar,%20Chennai,%20600040,%20India",044 4354 0659,tel:044 4354 0659,tel:
Store ID: T002,"Anna Nagar East, Chennai","No. F-25, Ranga Plaza, 2nd Ave, opposite Titan World, Block F, Annanagar East, Chennai, Tamil Nadu 600102","http://maps.google.com/maps?saddr=&daddr=No.%20F-25,%20Ranga%20Plaza,%202nd%20Ave,%20opposite%20Titan%20World,%20Block%20F,%20Annanagar%20East,%20Chennai,%20Tamil%20Nadu%20600102",044 4358 9293,tel:044 4358 9293,tel:+919791597915
Store ID: T176,"Anna Nagar, Kumbakonam","No, 46, Ayekulam Road, Anna Nagar, Kumbakonam, Tamil Nadu 612001","http://maps.google.com/maps?saddr=&daddr=No,%2046,%20Ayekulam%20Road,%20Anna%20Nagar,%20Kumbakonam,%20Tamil%20Nadu%20612001",0435 405 9496,tel:0435 405 9496,tel:+919791597915
Store ID: T159,"Anna Nagar, Madurai","Housing Board Complex, HIG 53/1, 80 Feet Rd, New LIG Colony, Anna Nagar, Madurai, Tamil Nadu 625020","http://maps.google.com/maps?saddr=&daddr=Housing%20Board%20Complex,%20HIG%2053/1,%2080%20Feet%20Rd,%20New%20LIG%20Colony,%20Anna%20Nagar,%20Madurai,%20Tamil%20Nadu%20625020",0452 796 6243,tel:0452 796 6243,tel:+919791597915
Store ID: T085,"Arcot Road, Porur","No. 165/1, Door No 24,, Arcot Road, Porur, Opp To Cremation Ground, Chennai, 600116, India","http://maps.google.com/maps?saddr=&daddr=No.%20165/1,%20Door%20No%2024,,%20Arcot%20Road,%20Porur,%20Opp%20To%20Cremation%20Ground,%20Chennai,%20600116,%20India",044 4858 6403,tel:044 4858 6403,tel:+919791597915
Store ID: T227,"Arcot Road, Virugambakkam","49, Arcot Rd, Udhayam Colony, New Colony, Virugambakkam, Chennai, Tamil Nadu 600092, India","http://maps.google.com/maps?saddr=&daddr=49,%20Arcot%20Rd,%20Udhayam%20Colony,%20New%20Colony,%20Virugambakkam,%20Chennai,%20Tamil%20Nadu%20600092,%20India",9003878444,tel:9003878444,tel:+919791597915
Store ID: K054,"Arekere, Bengaluru","No. 116, GS Tower, Sai Baba Temple Road, Arekere, Bengaluru, 560076, India","http://maps.google.com/maps?saddr=&daddr=No.%20116,%20GS%20Tower,%20Sai%20Baba%20Temple%20Road,%20Arekere,%20Bengaluru,%20560076,%20India",080 4372 8776,tel:080 4372 8776,tel:+919791597915
Store ID: T199,"Arumbakkam, Chennai","28(37) , Vinayagapuram 1st Street,, 100 feet Road , Arumbakkam,, Chennai, 600106, India","http://maps.google.com/maps?saddr=&daddr=28(37)%20,%20Vinayagapuram%201st%20Street,,%20100%20feet%20Road%20,%20Arumbakkam,,%20Chennai,%20600106,%20India",044 4767 8657,tel:044 4767 8657,tel:+919791597915
Store ID: T139,"Ashok Nagar2, Kodambakkam","No. 103, Ashok Nagar Main Road Opp to Ganesh Mahal, Kodambakkam, Chennai, 600024, India","http://maps.google.com/maps?saddr=&daddr=No.%20103,%20Ashok%20Nagar%20Main%20Road%20Opp%20to%20Ganesh%20Mahal,%20Kodambakkam,%20Chennai,%20600024,%20India",044 4868 6073,tel:044 4868 6073,tel:+919791597915
Store ID: T032,"Ashok Nagar, Chennai","Chennai, GROUND FLOOR, 43/2, 10th Ave, near IDFC BANK, Sarvamangala Colony, Manthope Colony, Ashok Nagar, Chennai, Tamil Nadu 600083","http://maps.google.com/maps?saddr=&daddr=Chennai,%20GROUND%20FLOOR,%2043/2,%2010th%20Ave,%20near%20IDFC%20BANK,%20Sarvamangala%20Colony,%20Manthope%20Colony,%20Ashok%20Nagar,%20Chennai,%20Tamil%20Nadu%20600083",9003026555,tel:9003026555,tel:+919791597915
Store ID: T047,"Avadi, Chennai","No. 262/2-3/209/2 & 209/3, Nehru Bazar Rd, near Federal Bank, Vivekananda Nagar, TNHB Mig V Block, Avadi, Tamil Nadu 600054","http://maps.google.com/maps?saddr=&daddr=%20No.%20262/2-3/209/2%20&%20209/3,%20Nehru%20Bazar%20Rd,%20near%20Federal%20Bank,%20Vivekananda%20Nagar,%20TNHB%20Mig%20V%20Block,%20Avadi,%20Tamil%20Nadu%20600054",044 4526 5787,tel:044 4526 5787,tel:+919791597915
Store ID: T218,Avadi MTH Road,"No.402, J K Complex, Tiruvallur High road, opposite Max showroom, Chennai, 600080, India","http://maps.google.com/maps?saddr=&daddr=No.402,%20J%20K%20Complex,%20Tiruvallur%20High%20road,%20opposite%20Max%20showroom,%20Chennai,%20600080,%20India",044 4978 8886,tel:044 4978 8886,tel:+919791597915
Store ID: K004,"AVS Layout, Koramangala","No. 984, 80 Feet Road, Koramangala, Near Duroflex, Bengaluru, 560034, India","http://maps.google.com/maps?saddr=&daddr=No.%20984,%2080%20Feet%20Road,%20Koramangala,%20Near%20Duroflex,%20Bengaluru,%20560034,%20India",080 4149 1675,tel:080 4149 1675,tel:+919791597915
Store ID: T058,"Ayanavaram, Chennai","No. 186/2, Mettu St, KK Nagar, Mettu St, KK Nagar, Ayanavaram, Chennai, 600023, India","http://maps.google.com/maps?saddr=&daddr=No.%20186/2,%20Mettu%20St,%20KK%20Nagar,%20Mettu%20St,%20KK%20Nagar,%20Ayanavaram,%20Chennai,%20600023,%20India",044 4851 2863,tel:044 4851 2863,tel:+919791597915
Store ID: K132,"Ayodha Nagar, Belagavi","Shop No.1, Suman Plaza, CTS No. 4833/11, Ayodhya Nagar, Civil hospital Road,, Belgaum, 590019, India","http://maps.google.com/maps?saddr=&daddr=Shop%20No.1,%20Suman%20Plaza,%20CTS%20No.%204833/11,%20Ayodhya%20Nagar,%20Civil%20hospital%20Road,,%20Belgaum,%20590019,%20India",0831 405 9519,tel:0831 405 9519,tel:+919791597915
Store ID: K035,"Bagalakunte, Bengaluru","No. 42, Havanur Layout, Bagalakunte, Near Reliance Fresh, Bengaluru, 560073, India",https://share.google/BUjwUA7OL7dzRRDUv,091486 18370,tel:091486 18370,tel:+919791597915
Store ID: T149,"Bagalur Road, Hosur","70G, Bagalur Rd, near Andhra Bank, Surya Nagar, Sri Nagar, Hosur, Tamil Nadu 635109","http://maps.google.com/maps?saddr=&daddr=70G,%20Bagalur%20Rd,%20near%20Andhra%20Bank,%20Surya%20Nagar,%20Sri%20Nagar,%20Hosur,%20Tamil%20Nadu%20635109",04344 350 172,tel:04344 350 172,tel:+919791597915
Store ID: K014,"Banashankari 3rd Stage, Bengaluru","No. 1&2, Shri Chamundeshwari Complex, near Canara Bank, Kamakya Layout, Banashankari 3rd Stage, Banashankari, Bengaluru, Karnataka 560085","http://maps.google.com/maps?saddr=&daddr=No.%201&2,%20Shri%20Chamundeshwari%20Complex,%20near%20Canara%20Bank,%20Kamakya%20Layout,%20Banashankari%203rd%20Stage,%20Banashankari,%20Bengaluru,%20Karnataka%20560085",080 4174 7055,tel:080 4174 7055,tel:+919791597915
Store ID: K063,"Banashankari Stage II, Bengaluru","No. 81, 21st Main Road, Banashankari Stage II, Banashankari, Near Polar Bear Store, Bengaluru, 560070, India","http://maps.google.com/maps?saddr=&daddr=No.%2081,%2021st%20Main%20Road,%20Banashankari%20Stage%20II,%20Banashankari,%20Near%20Polar%20Bear%20Store,%20Bengaluru,%20560070,%20India",080 4854 2695,tel:080 4854 2695,tel:+919791597915
Store ID: K015,Basavanagudi,"No. 85/5, Ground Floor, Vaibhav Apartment, opp to HSBC Bank, Bangalore, 560004, India","http://maps.google.com/maps?saddr=&daddr=No.%2085/5,%20Ground%20Floor,%20Vaibhav%20Apartment,%20opp%20to%20HSBC%20Bank,%20Bangalore,%20560004,%20India",080 4173 7055,tel:080 4173 7055,tel:+919791597915
Store ID: K062,"Basaveshwar Nagar, Bengaluru","No. 628, 8th Main Road, Basaveshwar Nagar, Opposite Titan World, Bengaluru, 560079, India","http://maps.google.com/maps?saddr=&daddr=No.%20628,%208th%20Main%20Road,%20Basaveshwar%20Nagar,%20Opposite%20Titan%20World,%20Bengaluru,%20560079,%20India",080 4155 7055,tel:080 4155 7055,tel:+919791597915
Store ID: T150,"B B Kulam, Madurai","No. 4, 2, V P Rathinasamy Nadar Road, B B Kulam, 625014, India","http://maps.google.com/maps?saddr=&daddr=No.%204,%202,%20V%20P%20Rathinasamy%20Nadar%20Road,%20B%20B%20Kulam,%20625014,%20India",0452 421 7451,tel:0452 421 7451,tel:+919791597915
Store ID: T198,"Besant Nagar, Chennai","Ananda Bhavan, 178, Mahatma Gandhi Rd, opp. Adyar, Subramaniam Colony, Besant Nagar, Chennai, Tamil Nadu 600090","http://maps.google.com/maps?saddr=&daddr=Ananda%20Bhavan,%20178,%20Mahatma%20Gandhi%20Rd,%20opp.%20Adyar,%20Subramaniam%20Colony,%20Besant%20Nagar,%20Chennai,%20Tamil%20Nadu%20600090",044 4619 5443,tel:044 4619 5443,tel:+919791597915
Store ID: AP004,Bhavani Nagar Tirupati,"18-1-623, VV Mahal Rd, opp. KFC Restaurant, RS Gardens, Bhavani Nagar, Tirupati, Andhra Pradesh 517501","http://maps.google.com/maps?saddr=&daddr=18-1-623,%20VV%20Mahal%20Rd,%20opp.%20KFC%20Restaurant,%20RS%20Gardens,%20Bhavani%20Nagar,%20Tirupati,%20Andhra%20Pradesh%20517501",0877 406 4315,tel:0877 406 4315,tel:+919791597915
Store ID: K090,"BH Road, Tumkur","No. 3933A-5117C/2689C, Mahalakshmi Central, B H Road, Ashok Nagar, Opposite RTO Office, Tumakuru, 572103, India","http://maps.google.com/maps?saddr=&daddr=No.%203933A-5117C/2689C,%20Mahalakshmi%20Central,%20B%20H%20Road,%20Ashok%20Nagar,%20Opposite%20RTO%20Office,%20Tumakuru,%20572103,%20India",0816 405 4708,tel:0816 405 4708,tel:+919791597915
Store ID: K081,"Bilekhalli, Bengaluru","No. 1349/999 B, Vijaya Bank Layout, Bilekhalli, Near Vijaya Bank, Bengaluru, 560076, India","http://maps.google.com/maps?saddr=&daddr=No.%201349/999%20B,%20Vijaya%20Bank%20Layout,%20Bilekhalli,%20Near%20Vijaya%20Bank,%20Bengaluru,%20560076,%20India",080 4173 1737,tel:080 4173 1737,tel:+919791597915
Store ID: K135,"BTM Layout, Bengaluru","No. 934, Hermain Complex, 16th Main Road, BTM Layout, Near McDonald's, Bengaluru, 560076, India","http://maps.google.com/maps?saddr=&daddr=No.%20934,%20Hermain%20Complex,%2016th%20Main%20Road,%20BTM%20Layout,%20Near%20McDonald%27s,%20Bengaluru,%20560076,%20India",080 3569 4099,tel:080 3569 4099,tel:+919791597915
Store ID: K117,"CBI Road, RT Nagar","No. 32, CBI Road, Ganganagar, RT Nagar, Near Shrine of St. Jude, Bengalaru, 560032, India","http://maps.google.com/maps?saddr=&daddr=No.%2032,%20CBI%20Road,%20Ganganagar,%20RT%20Nagar,%20Near%20Shrine%20of%20St.%20Jude,%20Bengalaru,%20560032,%20India",080 4432 5328,tel:080 4432 5328,tel:+919791597915
Store ID: K130,"CG Hospital Road, Davanagere","289 /6 AM Arcade CG Hospital Road Vidyarthi Bhavan, Davangere, 577002, India","http://maps.google.com/maps?saddr=&daddr=289%20/6%20AM%20Arcade%20CG%20Hospital%20Road%20Vidyarthi%20Bhavan,%20Davangere,%20577002,%20India",081924 60599,tel:081924 60599,tel:+919791597915
Store ID: TS007,"Chanda Nagar, Hyderabad","No.4-91, Service Road, Annapurna Enclave, Chanda Nagar, Hyderabad, 500050, India","http://maps.google.com/maps?saddr=&daddr=No.4-91,%20Service%20Road,%20Annapurna%20Enclave,%20Chanda%20Nagar,%20Hyderabad,%20500050,%20India",090031 16814,tel:090031 16814,tel:+919791597915
Store ID: T004,"Choolaimedu, Chennai","Chellamani and co, 52, Nelson Manickam Road, opposite, Choolaimedu, Chennai, 600094, India","http://maps.google.com/maps?saddr=&daddr=Chellamani%20and%20co,%2052,%20Nelson%20Manickam%20Road,%20opposite,%20Choolaimedu,%20Chennai,%20600094,%20India",044 4203 3630,tel:044 4203 3630,tel:+919791597915
Store ID: T193,"Chromepet, Chennai","New NO :4,5,6 OLD NO :202,203,204, Grand Southern Trunk Road, Chrompet, Chennai, 600044, India","http://maps.google.com/maps?saddr=&daddr=New%20NO%20:4,5,6%20OLD%20NO%20:202,203,204,%20Grand%20Southern%20Trunk%20Road,%20Chrompet,%20Chennai,%20600044,%20India",090031 19498,tel:090031 19498,tel:+919791597915
Store ID: K001,"Coles Road, Fraser Town","No. 1, Maria Plaza, Coles Road, Frazer Town, Opposite Vodafone Showroom, Bengaluru, 560005, India","http://maps.google.com/maps?saddr=&daddr=No.%201,%20Maria%20Plaza,%20Coles%20Road,%20Frazer%20Town,%20Opposite%20Vodafone%20Showroom,%20Bengaluru,%20560005,%20India",080 4124 7155,tel:080 4124 7155,tel:+919791597915
Store ID: K013,"Cunningham Road, Bengaluru","No. 3, Cunningham Road, Vasanth Nagar, Near Clove Dental, Bengaluru, 560052, India","http://maps.google.com/maps?saddr=&daddr=No.%203,%20Cunningham%20Road,%20Vasanth%20Nagar,%20Near%20Clove%20Dental,%20Bengaluru,%20560052,%20India",080 4167 7055,tel:080 4167 7055,tel:+919791597915
Store ID: K111,"CV Raman Nagar, Bengaluru","K111 No. 302/3C-1, Kaggadasapura Main Road, CV Raman Nagar, Near Axis Bank, Bengaluru, 560093, India","http://maps.google.com/maps?saddr=&daddr=K111%20No.%20302/3C-1,%20Kaggadasapura%20Main%20Road,%20CV%20Raman%20Nagar,%20Near%20Axis%20Bank,%20Bengaluru,%20560093,%20India",080 4207 3017,tel:080 4207 3017,tel:+919791597915
Store ID: K089,"Devaraj URS Road, Mysuru","No. 112/C, D Devaraj Urs Rd, opposite MINISO, Devaraja Mohalla, Shivarampet, Mysuru, Karnataka 570001","http://maps.google.com/maps?saddr=&daddr=No.%20112/C,%20D%20Devaraj%20Urs%20Rd,%20opposite%20MINISO,%20Devaraja%20Mohalla,%20Shivarampet,%20Mysuru,%20Karnataka%20570001",0821 426 3553,tel:0821 426 3553,tel:+919791597915
Store ID: T163,"Dhamodhara Nagar, Tuticorin","Shop No. 45B , 45 C next to Lenovo showroom, Thevarpuram Road, Tuticorin, 628003, India","http://maps.google.com/maps?saddr=&daddr=Shop%20No.%2045B%20,%2045%20C%20next%20to%20Lenovo%20showroom,%20Thevarpuram%20Road,%20Tuticorin,%20628003,%20India",0461 400 0082,tel:0461 400 0082,tel:+919791597915
Store ID: TS020,"Dilsukhnagar, Hyderabad","Nandini Complex, No. 16, 11-741, Gaddiannaram Rd, Dilsukhnagar, Hyderabad, Telangana 500036","http://maps.google.com/maps?saddr=&daddr=%20Nandini%20Complex,%20No.%2016,%2011-741,%20Gaddiannaram%20Rd,%20Dilsukhnagar,%20Hyderabad,%20Telangana%20500036",040 4021 8331,tel:040 4021 8331,tel:+919791597915
Store ID: K077,"Doddathoguru, Bengaluru","No. 48/2, Concord Silicon Valley, Doddathoguru, Electronic City, Opposite Concord Apartments, Bengaluru, 560100, India","http://maps.google.com/maps?saddr=&daddr=No.%2048/2,%20Concord%20Silicon%20Valley,%20Doddathoguru,%20Electronic%20City,%20Opposite%20Concord%20Apartments,%20Bengaluru,%20560100,%20India",080 4153 3733,tel:080 4153 3733,tel:+919791597915
Store ID: T027,"Dr Radha Krishnan Salai, Mylapore","No 27/28, Dowalani Towers, Doctor Radha Krishnan Salai, Mylapore, Chennai, 600004, India","http://maps.google.com/maps?saddr=&daddr=No%2027/28,%20Dowalani%20Towers,%20Doctor%20Radha%20Krishnan%20Salai,%20Mylapore,%20Chennai,%20600004,%20India",044 4213 1293,tel:044 4213 1293,tel:+919791597915
Store ID: T103,Ekkatuthangal,"15, Jawaharlal Nehru Road, Ekkattuthangal, Chennai, 600032, India","http://maps.google.com/maps?saddr=&daddr=15,%20Jawaharlal%20Nehru%20Road,%20Ekkattuthangal,%20Chennai,%20600032,%20India",044 4867 9156,tel:044 4867 9156,tel:+919791597915
Store ID: K087,"Empire Mall, Mangaluru","No. G/5, D No. 4/3/419/6, Empire Mall MG Road Kodailbail Next To Apollo, Pharmacy Golden Orched, Mangalore, 575003, India","http://maps.google.com/maps?saddr=&daddr=No.%20G/5,%20D%20No.%204/3/419/6,%20Empire%20Mall%20MG%20Road%20Kodailbail%20Next%20To%20Apollo,%20Pharmacy%20Golden%20Orched,%20Mangalore,%20575003,%20India",0824 411 0836,tel:0824 411 0836,tel:+919791597915
Store ID: T206,Five Roads Salem 2,"5/278-A , Junction Main Road, Near Reliance Mall, salem, 636004, India","http://maps.google.com/maps?saddr=&daddr=5/278-A%20,%20Junction%20Main%20Road,%20Near%20Reliance%20Mall,%20salem,%20636004,%20India",0427 452 0183,tel:0427 452 0183,tel:+919791597915
Store ID: AP014,"Gajuwaka, Visakhapatnam","Jhala Complex, S. No. 8&9, D. No.6-1-7, beside Dominos, Chaitanya Nagar, Gajuwaka, Visakhapatnam, Andhra Pradesh 530026","http://maps.google.com/maps?saddr=&daddr=Jhala%20Complex,%20S.%20No.%208&9,%20D.%20No.6-1-7,%20beside%20Dominos,%20Chaitanya%20Nagar,%20Gajuwaka,%20Visakhapatnam,%20Andhra%20Pradesh%20530026",0891 350 2520,tel:0891 350 2520,tel:+919791597915
Store ID: K109,"Gandhi Bazar, Basavanagudi","Atithya, No. 201/4, Sreenidhi Complex, Gandhi Bazaar Main Rd, opposite Hotel New, Basavanagudi, Bengaluru, Karnataka 560004","http://maps.google.com/maps?saddr=&daddr=Atithya,%20No.%20201/4,%20Sreenidhi%20Complex,%20Gandhi%20Bazaar%20Main%20Rd,%20opposite%20Hotel%20New,%20Basavanagudi,%20Bengaluru,%20Karnataka%20560004",080 4300 9471,tel:080 4300 9471,tel:+919791597915
Store ID: T025,Gandhi Nagar Adyar,"D. No. 77, S. No. 1, near Viveks Showroom, Gandhi Nagar, Adyar, Chennai, Tamil Nadu 600020","http://maps.google.com/maps?saddr=&daddr=D.%20No.%2077,%20S.%20No.%201,%20near%20Viveks%20Showroom,%20Gandhi%20Nagar,%20Adyar,%20Chennai,%20Tamil%20Nadu%20600020",044 4359 8293,tel:044 4359 8293,tel:+919791597915
Store ID: T029,"Gandhi Nagar, Madurai","No. 29/15, Azad Road, Next To Anna Bus Stand,Madurai, Madurai, 625020, India","http://maps.google.com/maps?saddr=&daddr=No.%2029/15,%20Azad%20Road,%20Next%20To%20Anna%20Bus%20Stand,Madurai,%20Madurai,%20625020,%20India",0452 405 3604,tel:0452 405 3604,tel:+919791597915
Store ID: T147,Gandhi Road Arakkonam,"Lakshmi Plaza, 104/105, Gandhi Rd, next to Vasanth and Co Showroom, Arakkonam, Tamil Nadu 631001","http://maps.google.com/maps?saddr=&daddr=Lakshmi%20Plaza,%20104/105,%20Gandhi%20Rd,%20next%20to%20Vasanth%20and%20Co%20Showroom,%20Arakkonam,%20Tamil%20Nadu%20631001",077086 65163,tel:077086 65163,tel:+919791597915
Store ID: T093,"Gandhi Road, Kanchipuram","No. 277, Gandhi Road, Next to Hotel Sakra, Kanchipuram, 631501, India","http://maps.google.com/maps?saddr=&daddr=No.%20277,%20Gandhi%20Road,%20Next%20to%20Hotel%20Sakra,%20Kanchipuram,%20631501,%20India",044 4720 3880,tel:044 4720 3880,tel:+919791597915
Store ID: T142,"Gokulam Arcade, Thanjavur","No . 69 C /3125, Gokulam Arcade, Trichy Road, next to Vinodayan Hospital, Thanjavur, 613007, India","http://maps.google.com/maps?saddr=&daddr=No%20.%2069%20C%20/3125,%20Gokulam%20Arcade,%20Trichy%20Road,%20next%20to%20Vinodayan%20Hospital,%20Thanjavur,%20613007,%20India",04362 459 053,tel:04362 459 053,tel:+919791597915
Store ID: T046,"Gowrivakkam, Chennai","No. 162 , Velachery Main Road, Gowrivakkam, opposite Kannan Furniture, Chennai, 600073, India","http://maps.google.com/maps?saddr=&daddr=No.%20162%20,%20Velachery%20Main%20Road,%20Gowrivakkam,%20opposite%20Kannan%20Furniture,%20Chennai,%20600073,%20India",044 4773 9947,tel:044 4773 9947,tel:+919791597915
Store ID: T071,"Guduvanchery, Chennai","No 186 GST ROAD, Guduvanchery, Next to NEW GOLDEN HARDWARES, Chennai, 603202, India","http://maps.google.com/maps?saddr=&daddr=No%20186%20GST%20ROAD,%20Guduvanchery,%20Next%20to%20NEW%20GOLDEN%20HARDWARES,%20Chennai,%20603202,%20India",044 4740 0727,tel:044 4740 0727,tel:+919791597915
Store ID: TS022,"Habsiguda, Hyderabad","Lane 5, Street No. 8, Vijayanagar Colony, Vikrampuri, Habsiguda, Hyderabad, Telangana 500007","http://maps.google.com/maps?saddr=&daddr=Lane%205,%20Street%20No.%208,%20Vijayanagar%20Colony,%20Vikrampuri,%20Habsiguda,%20Hyderabad,%20Telangana%20500007",040 4896 2411,tel:040 4896 2411,tel:+919791597915
Store ID: TS009,"Habsiguda, Hyderabad","G1, Bhubathi Chambers, No. 4-7-102/8 & 9, Uppal Rd, Nagendra Nagar, Habsiguda, Hyderabad, Telangana 50000","http://maps.google.com/maps?saddr=&daddr=%20G1,%20Bhubathi%20Chambers,%20No.%204-7-102/8%20&%209,%20Uppal%20Rd,%20Nagendra%20Nagar,%20Habsiguda,%20Hyderabad,%20Telangana%2050000",040 4017 8151,tel:040 4017 8151,tel:+919791597915
Store ID: K139,"Haji Colony, Raichur","Sangeetha Arcade , 11-2-61 & 62, Near Gandhi Chowk, Lingasoor Road, Raichur, 584101, India","http://maps.google.com/maps?saddr=&daddr=Sangeetha%20Arcade%20,%2011-2-61%20&%2062,%20Near%20Gandhi%20Chowk,%20Lingasoor%20Road,%20Raichur,%20584101,%20India",085324 51664,tel:085324 51664,tel:+919791597915
Store ID: T100,"Hasthinapuram, Chennai","No. 35, Dr. Rajendra Prasad Road, Nehru Nagar, Chrompet, Chennai, 600044, India","http://maps.google.com/maps?saddr=&daddr=No.%2035,%20Dr.%20Rajendra%20Prasad%20Road,%20Nehru%20Nagar,%20Chrompet,%20Chennai,%20600044,%20India",044 4857 7950,tel:044 4857 7950,tel:+919791597915
Store ID: K065,"Hennur Gardens, Bengaluru","Harsha Complex, HBR Layout 4th Block, Hennur Garden, Near Reliance Fresh, Bengaluru, 560043, India","http://maps.google.com/maps?saddr=&daddr=Harsha%20Complex,%20HBR%20Layout%204th%20Block,%20Hennur%20Garden,%20Near%20Reliance%20Fresh,%20Bengaluru,%20560043,%20India",080 4375 4679,tel:080 4375 4679,tel:+919791597915
Store ID: K045,"Hongasandra, Bengaluru","No. 17-1627/1117, Begur Road, Hongasandra, Opposite Vinayaga Hospital, Bengaluru, 560068, India","http://maps.google.com/maps?saddr=&daddr=No.%2017-1627/1117,%20Begur%20Road,%20Hongasandra,%20Opposite%20Vinayaga%20Hospital,%20Bengaluru,%20560068,%20India",080 4834 6702,tel:080 4834 6702,tel:+919791597915
Store ID: T128,"Hope college, Coimbatore","#1627, Sree Manis tower,2 nd floor, Avinashi road, Hope college, Coimbatore, 641004, India","http://maps.google.com/maps?saddr=&daddr=#1627,%20Sree%20Manis%20tower,2%20nd%20floor,%20Avinashi%20road,%20Hope%20college,%20Coimbatore,%20641004,%20India",0422 495 4621,tel:0422 495 4621,tel:+919791597915
Store ID: K075,"Horamavu, Bengaluru","No. 1, SLV Complex, Hormau Main Road, Munireddy Layout, Horamavu, Near Soch Factory, Bengaluru, 560043, India","http://maps.google.com/maps?saddr=&daddr=No.%201,%20SLV%20Complex,%20Hormau%20Main%20Road,%20Munireddy%20Layout,%20Horamavu,%20Near%20Soch%20Factory,%20Bengaluru,%20560043,%20India",080 4200 5675,tel:080 4200 5675,tel:+919791597915
Store ID: K125,"Hosayellapur, Dharwad","No. 10 , Line Bazaar Behind Hanuman Temple, Suvidha Matoshree lifestyle Mall, Dharwad, 580001, India","http://maps.google.com/maps?saddr=&daddr=No.%2010%20,%20Line%20Bazaar%20Behind%20Hanuman%20Temple,%20Suvidha%20Matoshree%20lifestyle%20Mall,%20Dharwad,%20580001,%20India",091500 96094,tel:091500 96094,tel:+919791597915
Store ID: K041,"Hoshalli Extension, Vijayanagar","No. 2033/26, 1st Main Road, Vijayanagar, Opposite Vodafone Office, Bengaluru, 560040, India","http://maps.google.com/maps?saddr=&daddr=No.%202033/26,%201st%20Main%20Road,%20Vijayanagar,%20Opposite%20Vodafone%20Office,%20Bengaluru,%20560040,%20India",080 4865 0991,tel:080 4865 0991,tel:+919791597915
Store ID: K115,"HRBR Layout, Bengaluru","Daffodils, CMR Main Rd, near Vasan Eye Care, HRBR Layout 3rd Block, HRBR Layout, Kalyan Nagar, Bengaluru, Karnataka 560043","http://maps.google.com/maps?saddr=&daddr=%20Daffodils,%20CMR%20Main%20Rd,%20near%20Vasan%20Eye%20Care,%20HRBR%20Layout%203rd%20Block,%20HRBR%20Layout,%20Kalyan%20Nagar,%20Bengaluru,%20Karnataka%20560043",080 4121 0251,tel:080 4121 0251,tel:+919791597915
Store ID: K037,"HSR Layout, Bengaluru","No. 415, 27th Main Road, HSR Layout, Near Rio Arcade, Bengaluru, 560102, India","http://maps.google.com/maps?saddr=&daddr=No.%20415,%2027th%20Main%20Road,%20HSR%20Layout,%20Near%20Rio%20Arcade,%20Bengaluru,%20560102,%20India",080 4854 0844,tel:080 4854 0844,tel:+919791597915
Store ID: K024,"Indiranagar, Bengaluru","No. 28 - A, No. G- 4, Smart Avenue, 80 Feet Road, Indiranagar, Near Michael Bar and Restaurent, Bengaluru, 560005, India","http://maps.google.com/maps?saddr=&daddr=No.%2028%20-%20A,%20No.%20G-%204,%20Smart%20Avenue,%2080%20Feet%20Road,%20Indiranagar,%20Near%20Michael%20Bar%20and%20Restaurent,%20Bengaluru,%20560005,%20India",080 4152 2055,tel:080 4152 2055,tel:+919791597915
Store ID: K133,"Infantry Road, Ballari","No. 43 , Infantry Road, Near Rock Garden Hotel, Sanjay Gandhi Nagar , BALLARY, Ballary, 583104, India","http://maps.google.com/maps?saddr=&daddr=No.%2043%20,%20Infantry%20Road,%20Near%20Rock%20Garden%20Hotel,%20Sanjay%20Gandhi%20Nagar%20,%20BALLARY,%20Ballary,%20583104,%20India",089258 13992,tel:089258 13992,tel:+919791597915
Store ID: K002,"Jayanagar, Bengaluru","21/183/A, 32nd Cross Rd, opp. Airtel Office, 4th T Block East, Pattabhirama Nagar, Jayanagar, Bengaluru, Karnataka 560070","http://maps.google.com/maps?saddr=&daddr=21/183/A,%2032nd%20Cross%20Rd,%20opp.%20Airtel%20Office,%204th%20T%20Block%20East,%20Pattabhirama%20Nagar,%20Jayanagar,%20Bengaluru,%20Karnataka%20560070",080 4124 7055,tel:080 4124 7055,tel:+919791597915
Store ID: K119,"Kalidasa Road, Mysuru","No. 3005/2A, D48/2A, Kalidasa Rd, opp. True Spirits Gold, Vani Vilas Mohalla, Mysuru, Karnataka 570002","http://maps.google.com/maps?saddr=&daddr=No.%203005/2A,%20D48/2A,%20Kalidasa%20Rd,%20opp.%20True%20Spirits%20Gold,%20Vani%20Vilas%20Mohalla,%20Mysuru,%20Karnataka%20570002",0821 400 0493,tel:0821 400 0493,tel:+919791597915
Store ID: T092,"Kamarajar Street, Kanchipuram","22 AB / 1 , Kamarajar Street , Next to IOB ,, Kanchipuram, 631501, India","http://maps.google.com/maps?saddr=&daddr=22%20AB%20/%201%20,%20Kamarajar%20Street%20,%20Next%20to%20IOB%20,,%20Kanchipuram,%20631501,%20India",044 4721 0061,tel:044 4721 0061,tel:+919791597915
Store ID: T006,"Kamaraj Avenue 1st Street, Chennai","55, Kamaraj Avenue 1st Street, Kasturba Nagar, Adyar, Chennai, 600020, India","http://maps.google.com/maps?saddr=&daddr=55,%20Kamaraj%20Avenue%201st%20Street,%20Kasturba%20Nagar,%20Adyar,%20Chennai,%20600020,%20India",044 4711 1893,tel:044 4711 1893,tel:+919791597915
Store ID: K022,"Kammanahalli, Bengaluru","No. 153, JKB Complex, Kammanahalli Main Road, Kammanahalli, Opposite Photo Zone, Bengaluru, 560084, India","http://maps.google.com/maps?saddr=&daddr=No.%20153,%20JKB%20Complex,%20Kammanahalli%20Main%20Road,%20Kammanahalli,%20Opposite%20Photo%20Zone,%20Bengaluru,%20560084,%20India",080 4169 7055,tel:080 4169 7055,tel:+919791597915
Store ID: K128,"Kanakapura Road, Bengaluru","No. 100, Kanakapura Main Rd, Vajarahalli Village, Vajarahalli, Near D-Mart, Bengaluru, 560062, India","http://maps.google.com/maps?saddr=&daddr=No.%20100,%20Kanakapura%20Main%20Rd,%20Vajarahalli%20Village,%20Vajarahalli,%20Near%20D-Mart,%20Bengaluru,%20560062,%20India",088708 11170,tel:088708 11170,tel:+919791597915
Store ID: K073,Kantharaj Urs Road,"No. 756, kantharaj urs road, saraswathipuram, Mysore, 570009, India","http://maps.google.com/maps?saddr=&daddr=No.%20756,%20kantharaj%20urs%20road,%20saraswathipuram,%20Mysore,%20570009,%20India",0821 485 1444,tel:0821 485 1444,tel:+919791597915
Store ID: P003,"Karaikal, Puducherry","No.51-5253, Bharathiyar Road Opp to Karaikal town Police Station, Karaikal, 609602, India","http://maps.google.com/maps?saddr=&daddr=No.51-5253,%20Bharathiyar%20Road%20Opp%20to%20Karaikal%20town%20Police%20Station,%20Karaikal,%20609602,%20India",091504 66629,tel:091504 66629,tel:+919791597915
Store ID: K141,"Kasavanahalli, Bengaluru","No. 15/2 & 5A, Aadeshwar Chambers, Hosa Road, Kasavanahalli, Near ICICI Bank, Bengaluru, 560034, India","http://maps.google.com/maps?saddr=&daddr=No.%2015/2%20&%205A,%20Aadeshwar%20Chambers,%20Hosa%20Road,%20Kasavanahalli,%20Near%20ICICI%20Bank,%20Bengaluru,%20560034,%20India",080 4302 7041,tel:080 4302 7041,tel:+919791597915
Store ID: K079,"Kasturi Nagar, Bengaluru","No. 1, ABC - 202, 2nd Main Road, East of NGEF Layout, Kasturi Nagar, Near Kanti Sweets, Bengaluru, 560043, India","http://maps.google.com/maps?saddr=&daddr=No.%201,%20ABC%20-%20202,%202nd%20Main%20Road,%20East%20of%20NGEF%20Layout,%20Kasturi%20Nagar,%20Near%20Kanti%20Sweets,%20Bengaluru,%20560043,%20India",080 4211 0248,tel:080 4211 0248,tel:+919791597915
Store ID: T122,"Katpadi Road, Katpadi","70, Katpadi Main Rd, near Reliance Trends, Suthanthira Ponvizha Nagar, Venkatraman Nagar, Katpadi, Vellore, Tamil Nadu 632004","http://maps.google.com/maps?saddr=&daddr=70,%20Katpadi%20Main%20Rd,%20near%20Reliance%20Trends,%20Suthanthira%20Ponvizha%20Nagar,%20Venkatraman%20Nagar,%20Katpadi,%20Vellore,%20Tamil%20Nadu%20632004",0416 350 0038,tel:0416 350 0038,tel:+919791597915
Store ID: T050,"Kattupakkam, Chennai","No. 2, Opp toSVM KIA MOTORS SHOWROOM & Near by Mcrennett Bakery, 152, Mount Poonamalle High Road, Abirami Nagar, Kattupakkam, Chennai, 600056, India","http://maps.google.com/maps?saddr=&daddr=No.%202,%20Opp%20toSVM%20KIA%20MOTORS%20SHOWROOM%20&%20Near%20by%20Mcrennett%20Bakery,%20152,%20Mount%20Poonamalle%20High%20Road,%20Abirami%20Nagar,%20Kattupakkam,%20Chennai,%20600056,%20India",04448502416,tel:04448502416,tel:+919791597915
Store ID: T007,"Keelkattalai, Chennai","No. 72, Medavakkam Main Road Gandhi Nagar, Keelkattalai Next to Nilgiris &, opp. to Grand Sweets shop, Chennai, 600117, India","http://maps.google.com/maps?saddr=&daddr=No.%2072,%20Medavakkam%20Main%20Road%20Gandhi%20Nagar,%20Keelkattalai%20Next%20to%20Nilgiris%20&,%20opp.%20to%20Grand%20Sweets%20shop,%20Chennai,%20600117,%20India",073581 99048,tel:073581 99048,tel:+919791597915
Store ID: K052,"Kengeri, Bengaluru","No. 1443, 11th Cross Road, Kengeri Satellite Town, Near Jio Digital, Bengaluru, 560060, India","http://maps.google.com/maps?saddr=&daddr=No.%201443,%2011th%20Cross%20Road,%20Kengeri%20Satellite%20Town,%20Near%20Jio%20Digital,%20Bengaluru,%20560060,%20India",080 3571 2304,tel:080 3571 2304,tel:+919791597915
Store ID: T041,"KK Nagar, Chennai","33, 887, Munusamy Salai, Bangaru Colony, K. K. Nagar, Chennai, 600078, India",https://www.specsmakers.in/pages/store-locator/optical-stores-near-me-in-k-k-nagar,044 4216 8293,tel:044 4216 8293,tel:+919791597915
Store ID: T195,"KK Nagar, Madurai","# No: 9, 80 Feet Road, Anna Salai Bypass Main, KK Nagar, Madurai, 625020, India","http://maps.google.com/maps?saddr=&daddr=#%20No:%209,%2080%20Feet%20Road,%20Anna%20Salai%20Bypass%20Main,%20KK%20Nagar,%20Madurai,%20625020,%20India",0452 405 0013,tel:0452 405 0013,tel:+919791597915
Store ID: T225,"Kolathur, Chennai","Plot No: 04, Red Hills Rd, Bharathi Nagar, Kolathur, Near Apollo Sugar Clinic, Chennai, 600099, India","http://maps.google.com/maps?saddr=&daddr=Plot%20No:%2004,%20Red%20Hills%20Rd,%20Bharathi%20Nagar,%20Kolathur,%20Near%20Apollo%20Sugar%20Clinic,%20Chennai,%20600099,%20India",044 4617 6034,tel:044 4617 6034,tel:+919791597915
Store ID: K096,Koppikar Road,"Shop No. 3001, Shashi Sali, Sali Building, Koppikar Road,, Hubli, 580020, India","http://maps.google.com/maps?saddr=&daddr=Shop%20No.%203001,%20Shashi%20Sali,%20Sali%20Building,%20Koppikar%20Road,,%20Hubli,%20580020,%20India",0836 425 1637,tel:0836 425 1637,tel:+919791597915
Store ID: K031,"Koramangala, Bengaluru","No. 6, 20th Main Road, KHB Colony, 5th Block, Koramangala, Bengaluru, 560095, India","http://maps.google.com/maps?saddr=&daddr=No.%206,%2020th%20Main%20Road,%20KHB%20Colony,%205th%20Block,%20Koramangala,%20Bengaluru,%20560095,%20India",080 4121 7055,tel:080 4121 7055,tel:+919791597915
Store ID: T088,"Korattur, Chennai","L-12/1, East Avenue Road, Next To Laundrex Shop, Korattur, Chennai, 600080, India","http://maps.google.com/maps?saddr=&daddr=L-12/1,%20East%20Avenue%20Road,%20Next%20To%20Laundrex%20Shop,%20Korattur,%20Chennai,%20600080,%20India",044 4858 3275,tel:044 4858 3275,tel:+919791597915
Store ID: K085,"Kothanur, Bengaluru","No. 33/1, Main Road, Kothanur, Narayanapura, Opposite Thindi Mane, Bengaluru, 560077, India","http://maps.google.com/maps?saddr=&daddr=No.%2033/1,%20Main%20Road,%20Kothanur,%20Narayanapura,%20Opposite%20Thindi%20Mane,%20Bengaluru,%20560077,%20India",080 2952 3334,tel:080 2952 3334,tel:+919791597915
Store ID: T010,Kottivakkam,"Plot No. 3, Rajiv Gandhi Salai, next to Igp Bus Stop, Nehru Nagar, Chennai, 600041, India","http://maps.google.com/maps?saddr=&daddr=Plot%20No.%203,%20Rajiv%20Gandhi%20Salai,%20next%20to%20Igp%20Bus%20Stop,%20Nehru%20Nagar,%20Chennai,%20600041,%20India",044 4551 1362,tel:044 4551 1362,tel:+919791597915
Store ID: T138,"Kovai Road, Renganayaki Puram","12, Kovai Main Rd, near KBS ARCADE, Renganayaki Puram, Karur, Tamil Nadu 639002","http://maps.google.com/maps?saddr=&daddr=12,%20Kovai%20Main%20Rd,%20near%20KBS%20ARCADE,%20Renganayaki%20Puram,%20Karur,%20Tamil%20Nadu%20639002",04324 465 045,tel:04324 465 045,tel:+919791597915
Store ID: T228,"Krishnapuram, Ambattur","No: 125, M.T.H Road, Vivek Nagar, Near Apollo Pharmacy, Chennai, 600053, India","http://maps.google.com/maps?saddr=&daddr=No:%20125,%20M.T.H%20Road,%20Vivek%20Nagar,%20Near%20Apollo%20Pharmacy,%20Chennai,%20600053,%20India",044 46195444,tel:044 46195444,tel:+919791597915
Store ID: TS011,"Kukatpally, Hyderabad","I, Ground Floor, MIG, No. 165, 18, Rd Number 1, Kukatpally, Hyderabad, Telangana 500072","http://maps.google.com/maps?saddr=&daddr=I,%20Ground%20Floor,%20MIG,%20No.%20165,%2018,%20Rd%20Number%201,%20Kukatpally,%20Hyderabad,%20Telangana%20500072",040 4852 1624,tel:040 4852 1624,tel:+919791597915
Store ID: T140,"Kumaran Road, Valipalayam","No. 294 /144, Kumaran Plaza,, Next To Eb Office, Kumaran Road,, Tiruppur, 641601, India","http://maps.google.com/maps?saddr=&daddr=No.%20294%20/144,%20Kumaran%20Plaza,,%20Next%20To%20Eb%20Office,%20Kumaran%20Road,,%20Tiruppur,%20641601,%20India",0421 495 5648,tel:0421 495 5648,tel:+919791597915
Store ID: K118,"Kundalahalli, Bengaluru","No. 578, C Block, Main Road, AECS layout, Near Licious Store, Bengalaru, 560037, India","http://maps.google.com/maps?saddr=&daddr=No.%20578,%20C%20Block,%20Main%20Road,%20AECS%20layout,%20Near%20Licious%20Store,%20Bengalaru,%20560037,%20India",080 4067 9963,tel:080 4067 9963,tel:+919791597915
Store ID: T059,"Kundrathur Main Road, Porur","No.17, Kundrathur Main Road, Kunkumam Nagar, Porur, Next To Bharathi Sweets, Chennai, 600116, India","http://maps.google.com/maps?saddr=&daddr=No.17,%20Kundrathur%20Main%20Road,%20Kunkumam%20Nagar,%20Porur,%20Next%20To%20Bharathi%20Sweets,%20Chennai,%20600116,%20India",044 4852 3759,tel:044 4852 3759,tel:+919791597915
Store ID: T217,Kuniyamuthur,"No.10/380, Palakkad Main Rd, Opp Indian Oil Vahab petrol Bunk, Kuniyamuthur, Coimbatore, 641008, India","http://maps.google.com/maps?saddr=&daddr=No.10/380,%20Palakkad%20Main%20Rd,%20Opp%20Indian%20Oil%20Vahab%20petrol%20Bunk,%20Kuniyamuthur,%20Coimbatore,%20641008,%20India",073059 66648,tel:073059 66648,tel:+919791597915
Store ID: T008,"Kutchery Road, Chennai","No. 239-10, Kutchery Rd, opposite GANI, Luz Corner, Kapali Thottam, Mylapore, Chennai, Tamil Nadu 600004","http://maps.google.com/maps?saddr=&daddr=%20No.%20239-10,%20Kutchery%20Rd,%20opposite%20GANI,%20Luz%20Corner,%20Kapali%20Thottam,%20Mylapore,%20Chennai,%20Tamil%20Nadu%20600004",044 4711 1593,tel:044 4711 1593,tel:+919791597915
Store ID:,Lab,"106/108, Alapakkam Main Road,, Alapakkam, Maduravoyal, Chennai, 600116, India","http://maps.google.com/maps?saddr=&daddr=106/108,%20Alapakkam%20Main%20Road,,%20Alapakkam,%20Maduravoyal,%20Chennai,%20600116,%20India",098405 11636,tel:098405 11636,tel:
Store ID: T202,"Lakshmi Mills, Coimbatore","# 652-656 , Avinashi Road , Papanaickenpalayam, Near to Indusind Bank and Lakshmi Mills Bus stop, Coimbatore, 641037, India","http://maps.google.com/maps?saddr=&daddr=#%20652-656%20,%20Avinashi%20Road%20,%20Papanaickenpalayam,%20Near%20to%20Indusind%20Bank%20and%20Lakshmi%20Mills%20Bus%20stop,%20Coimbatore,%20641037,%20India",0422 472 6319,tel:0422 472 6319,tel:+919791597915
Store ID: T078,"Lakshmi Nagar, Porur","No. 84/1, Trunk Rd, opp. Suzuki Motorcycle, Lakshmi Nagar, Porur, Chennai, Tamil Nadu 600116","http://maps.google.com/maps?saddr=&daddr=No.%2084/1,%20Trunk%20Rd,%20opp.%20Suzuki%20Motorcycle,%20Lakshmi%20Nagar,%20Porur,%20Chennai,%20Tamil%20Nadu%20600116",063817 69815,tel:063817 69815,tel:+919791597915
Store ID: T108,"Lakshmi Nagar, Velachery","32, 100 Feet Rd, near Dr Agarwals Eye Hospital, Lakshmi Nagar, Velachery, Chennai, Tamil Nadu 600042","http://maps.google.com/maps?saddr=&daddr=32,%20100%20Feet%20Rd,%20near%20Dr%20Agarwals%20Eye%20Hospital,%20Lakshmi%20Nagar,%20Velachery,%20Chennai,%20Tamil%20Nadu%20600042",044 4859 6952,tel:044 4859 6952,tel:+919791597915
Store ID: T120,"Madhanandapuram, Chennai","113, E V P Santhosh Nagar, Mugalivakkam Main Road, Next To Grace Super Market & Above Naturals, Madhanandapuram, Chennai, 600125, India","http://maps.google.com/maps?saddr=&daddr=113,%20E%20V%20P%20Santhosh%20Nagar,%20Mugalivakkam%20Main%20Road,%20Next%20To%20Grace%20Super%20Market%20&%20Above%20Naturals,%20Madhanandapuram,%20Chennai,%20600125,%20India",044 3501 2916,tel:044 3501 2916,tel:+919791597915
Store ID: TS002,"Madhapur, Hyderabad","Royal Arcade, No. 1-65/2/24, Hitech City Main Rd, near Dell Technologies, Silicon Valley, Madhapur, Hyderabad, Telangana 500081","http://maps.google.com/maps?saddr=&daddr=Royal%20Arcade,%20No.%201-65/2/24,%20Hitech%20City%20Main%20Rd,%20near%20Dell%20Technologies,%20Silicon%20Valley,%20Madhapur,%20Hyderabad,%20Telangana%20500081",040 4613 9559,tel:040 4613 9559,tel:+919791597915
Store ID: T091,"Madhavaram, Chennai","No. 1A, opp. to Domino's, KKR Nagar, Madhavaram, Chennai, 600060, India","http://maps.google.com/maps?saddr=&daddr=No.%201A,%20opp.%20to%20Domino%27s,%20KKR%20Nagar,%20Madhavaram,%20Chennai,%20600060,%20India",044 4768 8602,tel:044 4768 8602,tel:+919791597915
Store ID: TS013,Madinaguda Miyapur,"G-1, Vijayakrishna Residency, Madinaguda Near St. Anns High School, Miyapur, Hyderabad, 500049, India","http://maps.google.com/maps?saddr=&daddr=G-1,%20Vijayakrishna%20Residency,%20Madinaguda%20Near%20St.%20Anns%20High%20School,%20Miyapur,%20Hyderabad,%20500049,%20India",040 4857 1607,tel:040 4857 1607,tel:+919791597915
Store ID: T073,"Madipakkam, Chennai","3/192, Medavakkam Main Road, Madipakkam, Chennai, 600091, India","http://maps.google.com/maps?saddr=&daddr=3/192,%20Medavakkam%20Main%20Road,%20Madipakkam,%20Chennai,%20600091,%20India",044 4857 4491,tel:044 4857 4491,tel:+919791597915
Store ID: T028,"Madurai Main, Madurai","163, W Masi St, near Sri Mahathi Jewellers, Valaiyal Kadai, Madurai Main, Madurai, Tamil Nadu 625001","http://maps.google.com/maps?saddr=&daddr=163,%20W%20Masi%20St,%20near%20Sri%20Mahathi%20Jewellers,%20Valaiyal%20Kadai,%20Madurai%20Main,%20Madurai,%20Tamil%20Nadu%20625001",0452 434 7553,tel:0452 434 7553,tel:+919791597915
Store ID: K025,"Mahalakshmi Layout, Bengaluru","New No. 1, Old No. 24, 23/1, 8th Main Road, Mahalakshmi Layout, Near Skanda Trust, Bengaluru, 560086, India","http://maps.google.com/maps?saddr=&daddr=New%20No.%201,%20Old%20No.%2024,%2023/1,%208th%20Main%20Road,%20Mahalakshmi%20Layout,%20Near%20Skanda%20Trust,%20Bengaluru,%20560086,%20India",091501 03067,tel:091501 03067,tel:+919791597915
Store ID: TS004,"Malkajgiri, Hyderabad","2-209, Malkajgiri Rd, opp. Khadim's, Vani Nagar, Malkajgiri, Hyderabad, Secunderabad, Telangana 500047","http://maps.google.com/maps?saddr=&daddr=2-209,%20Malkajgiri%20Rd,%20opp.%20Khadim%27s,%20Vani%20Nagar,%20Malkajgiri,%20Hyderabad,%20Secunderabad,%20Telangana%20500047",040 4896 1703,tel:040 4896 1703,tel:+919791597915
Store ID: K107,"Malleshwaram, Bengaluru","No. 350, S. No. 2&3, Sampige Road, Malleshwaram, Opposite Go Colors, Bengaluru, 560003, India","http://maps.google.com/maps?saddr=&daddr=No.%20350,%20S.%20No.%202&3,%20Sampige%20Road,%20Malleshwaram,%20Opposite%20Go%20Colors,%20Bengaluru,%20560003,%20India",080 4203 4210,tel:080 4203 4210,tel:+919791597915
Store ID: T135,"Mandaveli, Chennai","No. 32/2, Venkatakrishna Rd, near IndusInd Bank, O-Block, Jeth Nagar, Mandaveli, Chennai, Tamil Nadu 600028","http://maps.google.com/maps?saddr=&daddr=No.%2032/2,%20Venkatakrishna%20Rd,%20near%20IndusInd%20Bank,%20O-Block,%20Jeth%20Nagar,%20Mandaveli,%20Chennai,%20Tamil%20Nadu%20600028",044 4856 9633,tel:044 4856 9633,tel:
Store ID: T174,"Manjakuppam, Cuddalore","No. 1C, Bharathi Rd, opp. Reliance Digital, Manjakuppam, Cuddalore, Tamil Nadu 607001","http://maps.google.com/maps?saddr=&daddr=%20No.%201C,%20Bharathi%20Rd,%20opp.%20Reliance%20Digital,%20Manjakuppam,%20Cuddalore,%20Tamil%20Nadu%20607001",063857 89310,tel:063857 89310,tel:+919791597915
Store ID: T223,"Mannivakkam, Chennai","No.06 Nehru colony, Mudichur Rd, Lakshmi nagar, Mannivakkam,Chennai, Tamil Nadu 600048","http://maps.google.com/maps?saddr=&daddr=No.06%20Nehru%20colony,%20Mudichur%20Rd,%20Lakshmi%20nagar,%20Mannivakkam,Chennai,%20Tamil%20Nadu%20600048",9003113178,tel:9003113178,tel:+919791597915
Store ID: K019,"Marathahalli, Bengaluru","No 698, Amba Nilaya, Main Road, Marathahalli Village, Near Mayuri Restaurent, Bengaluru, 560037, India","http://maps.google.com/maps?saddr=&daddr=No%20698,%20Amba%20Nilaya,%20Main%20Road,%20Marathahalli%20Village,%20Near%20Mayuri%20Restaurent,%20Bengaluru,%20560037,%20India",080 4165 7055,tel:080 4165 7055,tel:+919791597915
Store ID: K056,"Margosa Road, Malleshwaram","No. 17, Om Sri Mahaganapathy Complex, Margosa Road, Malleshwaram, Near IDBI Bank, Bengaluru, 560003, India","http://maps.google.com/maps?saddr=&daddr=No.%2017,%20Om%20Sri%20Mahaganapathy%20Complex,%20Margosa%20Road,%20Malleshwaram,%20Near%20IDBI%20Bank,%20Bengaluru,%20560003,%20India",080 4302 6422,tel:080 4302 6422,tel:+919791597915
Store ID: T137,"Medavakkam, Chennai","7/494, A, Velachery Main Road, Viyaja Nagaram, Medavakkam, Chennai, 600100, India","http://maps.google.com/maps?saddr=&daddr=7/494,%20A,%20Velachery%20Main%20Road,%20Viyaja%20Nagaram,%20Medavakkam,%20Chennai,%20600100,%20India",044 3501 2913,tel:044 3501 2913,tel:+919791597915
Store ID: T136,"Mettur Road, Erode","No. 110, Mettur Road, Next To Hotel Residency Inn,Erode, Erode, 638011, India","http://maps.google.com/maps?saddr=&daddr=No.%20110,%20Mettur%20Road,%20Next%20To%20Hotel%20Residency%20Inn,Erode,%20Erode,%20638011,%20India",0424 497 1100,tel:0424 497 1100,tel:+919791597915
Store ID: T127,"Meyyanur Road, Salem","No. 2/91, Sree Vari Shopping Mall, Infront of Poorvika Mobiles, Salem, 636004, India","http://maps.google.com/maps?saddr=&daddr=No.%202/91,%20Sree%20Vari%20Shopping%20Mall,%20Infront%20of%20Poorvika%20Mobiles,%20Salem,%20636004,%20India",0427 496 0973,tel:0427 496 0973,tel:+919791597915
Store ID: P004,"MG Road, Puducherry","No: 49, MG Road, MG Road Area, Puducherry, 605001, India","http://maps.google.com/maps?saddr=&daddr=No:%2049,%20MG%20Road,%20MG%20Road%20Area,%20Puducherry,%20605001,%20India",090032 46444,tel:090032 46444,tel:+919791597915
Store ID: P001,"Mission Street, Puducherry","No. 178/180, Mission St, beside Dominos, MG Road Area, Puducherry, 605001","http://maps.google.com/maps?saddr=&daddr=%20No.%20178/180,%20Mission%20St,%20beside%20Dominos,%20MG%20Road%20Area,%20Puducherry,%20605001",0413 420 9703,tel:0413 420 9703,tel:+919791597915
Store ID: T226,"MKB Nagar West Ave, Chennai","129, Pudhu Nagar, West Ave, MKB Nagar, Vysarpadi, Chennai, 600039, India","http://maps.google.com/maps?saddr=&daddr=129,%20Pudhu%20Nagar,%20West%20Ave,%20MKB%20Nagar,%20Vysarpadi,%20Chennai,%20600039,%20India",04446176035,tel:04446176035,tel:+919791597915
Store ID: T095,"Mogappair West, Chennai","4/7 - Hig, Tnhb 4th Block, Nolambur, Mogappair West, Opp to Unlimited, Chennai, 600084, India","http://maps.google.com/maps?saddr=&daddr=4/7%20-%20Hig,%20Tnhb%204th%20Block,%20Nolambur,%20Mogappair%20West,%20Opp%20to%20Unlimited,%20Chennai,%20600084,%20India",044 4204 9467,tel:044 4204 9467,tel:+919791597915
Store ID: T129,"Moovendar Nagar, Villupuram","No. 103, Rahmath Complex,, Trichy Main Road,, Next To E.S. Hospital, Viluppuram, 605602, India","http://maps.google.com/maps?saddr=&daddr=No.%20103,%20Rahmath%20Complex,,%20Trichy%20Main%20Road,,%20Next%20To%20E.S.%20Hospital,%20Viluppuram,%20605602,%20India",088707 84491,tel:088707 84491,tel:+919791597915
Store ID: T222,"M.P.C Nagar, Thiruvallur","No. 122/4, Jawaharlal Nehru Road, V.M Nagar, Opp. State Bank of India, Thiruvallur, 602001, India","http://maps.google.com/maps?saddr=&daddr=No.%20122/4,%20Jawaharlal%20Nehru%20Road,%20V.M%20Nagar,%20Opp.%20State%20Bank%20of%20India,%20Thiruvallur,%20602001,%20India",090031 17437,tel:090031 17437,tel:+919791597915
Store ID: T224,"Mudichur Road, Old Perungalathur","No. 6/4, Jeeva Complex, Mudichur Rd, Bharathi Nagar, Old Perungalathur, Tambaram, Opp. Reliance Trends, Chennai, 600063, India","http://maps.google.com/maps?saddr=&daddr=No.%206/4,%20Jeeva%20Complex,%20Mudichur%20Rd,%20Bharathi%20Nagar,%20Old%20Perungalathur,%20Tambaram,%20Opp.%20Reliance%20Trends,%20Chennai,%20600063,%20India",090033 61444,tel:090033 61444,tel:+919791597915
Store ID: T132,"Murugankurichi, Tirunelveli","No. 142/6, Thiruvananthapuram Road, opp. Alagar Jewelers, Murugankurichi, Palayamkottai, Tirunelveli, Tamil Nadu 627001","http://maps.google.com/maps?saddr=&daddr=No.%20142/6,%20Thiruvananthapuram%20Road,%20opp.%20Alagar%20Jewelers,%20Murugankurichi,%20Palayamkottai,%20Tirunelveli,%20Tamil%20Nadu%20627001",0462 495 0817,tel:0462 495 0817,tel:+919791597915
Store ID: K044,"Naagarabhaavi Circle, Bengaluru","No 92, Hari Krishna Plaza, Nagarbhavi Circle, Opp SBI ATM Upadyayara, Sanjaynagar, Sanghanaghara, Naagarabhaavi, Bengaluru, 560072, India","http://maps.google.com/maps?saddr=&daddr=No%2092,%20Hari%20Krishna%20Plaza,%20Nagarbhavi%20Circle,%20Opp%20SBI%20ATM%20Upadyayara,%20Sanjaynagar,%20Sanghanaghara,%20Naagarabhaavi,%20Bengaluru,%20560072,%20India",091488 32070,tel:091488 32070,tel:+919791597915
Store ID: K110,"Nagarbhavi, Bangalore","No. 856, Sri Vinayaka House Building, 80 Feet Main Road, Nagarbhavi, Near Swathi Galaxy, Bengaluru, 560072, India","http://maps.google.com/maps?saddr=&daddr=No.%20856,%20Sri%20Vinayaka%20House%20Building,%2080%20Feet%20Main%20Road,%20Nagarbhavi,%20Near%20Swathi%20Galaxy,%20Bengaluru,%20560072,%20India",063855 64042,tel:063855 64042,tel:+919791597915
Store ID: K103,"Nagasandra, Bengaluru","No.2, Sri Lakshmi Arcade, Hesarghatta Main Road, Havanur Extension, Near Vignesh Dental, Bengaluru, 560073, India","http://maps.google.com/maps?saddr=&daddr=No.2,%20Sri%20Lakshmi%20Arcade,%20Hesarghatta%20Main%20Road,%20Havanur%20Extension,%20Near%20Vignesh%20Dental,%20Bengaluru,%20560073,%20India",063660 44741,tel:063660 44741,tel:+919791597915
Store ID: T180,Nanganallur 44th Street,"Ground Floor, Door No. 1, 44th Street (4th Main Road Junction, 1, 44th Street, Lakshmi Nagar, Nanganallur, Chennai, 600061, India","http://maps.google.com/maps?saddr=&daddr=Ground%20Floor,%20Door%20No.%201,%2044th%20Street%20(4th%20Main%20Road%20Junction,%201,%2044th%20Street,%20Lakshmi%20Nagar,%20Nanganallur,%20Chennai,%20600061,%20India",044 4263 7082,tel:044 4263 7082,tel:+919791597915
Store ID: T081,"Nanganallur, Chennai","No. 21/28, Old, 4th Main Road, Below Dominos Pizza, Nanganallur, Chennai, 600061, India","http://maps.google.com/maps?saddr=&daddr=No.%2021/28,%20Old,%204th%20Main%20Road,%20Below%20Dominos%20Pizza,%20Nanganallur,%20Chennai,%20600061,%20India",044 4857 7958,tel:044 4857 7958,tel:+919791597915
Store ID: T076,"Narayanapuram, Chennai","279 , Velachery Main road, Narayanapuram, Chennai, 600108, India","http://maps.google.com/maps?saddr=&daddr=279%20,%20Velachery%20Main%20road,%20Narayanapuram,%20Chennai,%20600108,%20India",04448550522,tel:04448550522,tel:+919791597915
Store ID: T166,Natham Road,"plot-3, Rsno Ayyar Banglow, 46, 2e, Natham Road, Madurai, 625014, India","http://maps.google.com/maps?saddr=&daddr=plot-3,%20Rsno%20Ayyar%20Banglow,%2046,%202e,%20Natham%20Road,%20Madurai,%20625014,%20India",0452 435 1088,tel:0452 435 1088,tel:+919791597915
Store ID: T053,"Neelankarai, Chennai","No. 106A, East Coast Road, Next To Neelankarai Police Station,Chennai, Chennai, 600115, India","http://maps.google.com/maps?saddr=&daddr=No.%20106A,%20East%20Coast%20Road,%20Next%20To%20Neelankarai%20Police%20Station,Chennai,%20Chennai,%20600115,%20India",044 4767 8659,tel:044 4767 8659,tel:+919791597915
Store ID: TS024,"Neredmet, Hyderabad","No: 10, Neredmet X Road, JJ Nagar, Ramakrishnapuram, Neredmet, Hyderabad, 500094, India","http://maps.google.com/maps?saddr=&daddr=No:%2010,%20Neredmet%20X%20Road,%20JJ%20Nagar,%20Ramakrishnapuram,%20Neredmet,%20Hyderabad,%20500094,%20India",096004 20555,tel:096004 20555,tel:+919791597915
Store ID: AP002,"New Balaji Colony, Tirupati","23-8-155/1, Air Bypass Rd, opp. More Super Market, Shanthi Nagar, New Balaji Colony, Tirupati, Andhra Pradesh 517501","http://maps.google.com/maps?saddr=&daddr=23-8-155/1,%20Air%20Bypass%20Rd,%20opp.%20More%20Super%20Market,%20Shanthi%20Nagar,%20New%20Balaji%20Colony,%20Tirupati,%20Andhra%20Pradesh%20517501",090030 23479,tel:090030 23479,tel:+919791597915
Store ID: K066,"New BEL Road, Bengaluru","No. 197, New BEL Road, KGE Layout, Mathikere, Bengaluru, 560094, India","http://maps.google.com/maps?saddr=&daddr=No.%20197,%20New%20BEL%20Road,%20KGE%20Layout,%20Mathikere,%20Bengaluru,%20560094,%20India",080 4974 3211,tel:080 4974 3211,tel:+919791597915
Store ID: K061,"New Thippasandra, Bengaluru","No. 701/1020, Hal 3rd Stage, New Tippasandra, Near Poorvika, Bengaluru, 560075, India","http://maps.google.com/maps?saddr=&daddr=No.%20701/1020,%20Hal%203rd%20Stage,%20New%20Tippasandra,%20Near%20Poorvika,%20Bengaluru,%20560075,%20India",080 4432 5329,tel:080 4432 5329,tel:+919791597915
Store ID: TS014,Nizampet Road,"9, Moova Nest, Nizampet Road, Next to Bhaskar Model School, Kukatpally, Hyderabad, 500072, India","http://maps.google.com/maps?saddr=&daddr=9,%20Moova%20Nest,%20Nizampet%20Road,%20Next%20to%20Bhaskar%20Model%20School,%20Kukatpally,%20Hyderabad,%20500072,%20India",073059 79990,tel:073059 79990,tel:+919791597915
Store ID: T056,"Nungambakkam, Chennai","Old No. 44/5, New, 95/5, Uthamar Gandhi Rd, near Pycrofts Garden Road, Nungambakkam, Chennai, Tamil Nadu 600034","http://maps.google.com/maps?saddr=&daddr=Old%20No.%2044/5,%20New,%2095/5,%20Uthamar%20Gandhi%20Rd,%20near%20Pycrofts%20Garden%20Road,%20Nungambakkam,%20Chennai,%20Tamil%20Nadu%20600034",044 3551 2307,tel:044 3551 2307,tel:+919791597915
Store ID: T104,"Okkiyampet, Chennai","5/350(0), Rajiv Gandhi Salai (OMR), Thoraipakkam, Chennai, 600097, India","http://maps.google.com/maps?saddr=&daddr=5/350(0),%20Rajiv%20Gandhi%20Salai%20(OMR),%20Thoraipakkam,%20Chennai,%20600097,%20India",044 4867 9158,tel:044 4867 9158,tel:+919791597915
Store ID: TS025,"Old Bowenpally, Secunderabad","Survey No: 113/A, Plot No: 63/A, Centre Point, Bapuji Nagar Road, Icrisat Colony Phase 1, Manovikas Nagar, Bowenpally, Secunderabad, 500009, India","http://maps.google.com/maps?saddr=&daddr=Survey%20No:%20113/A,%20Plot%20No:%2063/A,%20Centre%20Point,%20Bapuji%20Nagar%20Road,%20Icrisat%20Colony%20Phase%201,%20Manovikas%20Nagar,%20Bowenpally,%20Secunderabad,%20500009,%20India",090036 29444,tel:090036 29444,tel:+919791597915
Store ID: T016,"Old Washermanpet, Chennai","No 942/462, Thiruvottiyur High Road, Near Pandian Theatre, Korukkupet, Old Washermanpet, Tondiarpet, Chennai, 600021, India","http://maps.google.com/maps?saddr=&daddr=No%20942/462,%20Thiruvottiyur%20High%20Road,%20Near%20Pandian%20Theatre,%20Korukkupet,%20Old%20Washermanpet,%20Tondiarpet,%20Chennai,%20600021,%20India",044 4213 8293,tel:044 4213 8293,tel:+919791597915
Store ID: T119,"Omalur Main Road, Salem","No.215, Omalur Main Road, Next to Josalukkas & Kalyan Silks, Salem, 636004, India","http://maps.google.com/maps?saddr=&daddr=No.215,%20Omalur%20Main%20Road,%20Next%20to%20Josalukkas%20&%20Kalyan%20Silks,%20Salem,%20636004,%20India",0427 496 1372,tel:0427 496 1372,tel:+919791597915
Store ID: K113,"OMBR Layout, Bengaluru","No. 423/1, 5th Main Road, OMBR Layout, Kasturi Nagar, Near More Super Market, Bengaluru, 560043, India","http://maps.google.com/maps?saddr=&daddr=No.%20423/1,%205th%20Main%20Road,%20OMBR%20Layout,%20Kasturi%20Nagar,%20Near%20More%20Super%20Market,%20Bengaluru,%20560043,%20India",080 4090 4551,tel:080 4090 4551,tel:+919791597915
Store ID: T181,"OMR, Kelambakkam","Shop No 01, No 1/235 Devi Complex, OMR, Opp. Kelambakkam Police Station, Kelambakkam, Chennai, 603103, India","http://maps.google.com/maps?saddr=&daddr=Shop%20No%2001,%20No%201/235%20Devi%20Complex,%20OMR,%20Opp.%20Kelambakkam%20Police%20Station,%20Kelambakkam,%20Chennai,%20603103,%20India",044 4210 6876,tel:044 4210 6876,tel:+919791597915
Store ID: T183,"OMR, Navalur","No. 2, Rajiv Gandhi Salai, OMR, Navalur, Tamil Nadu 600130","http://maps.google.com/maps?saddr=&daddr=No.%202,%20Rajiv%20Gandhi%20Salai,%20OMR,%20Navalur,%20Tamil%20Nadu%20600130",044 4506 4195,tel:044 4506 4195,tel:+919791597915
Store ID: T044,"Padi, Chennai","Near to Subha Stores, No 12, Madras Thiruvallur High Road, Padi, Chennai, 600050, India","http://maps.google.com/maps?saddr=&daddr=Near%20to%20Subha%20Stores,%20No%2012,%20Madras%20Thiruvallur%20High%20Road,%20Padi,%20Chennai,%20600050,%20India",044 3501 0452,tel:044 3501 0452,tel:+919791597915
Store ID: T194,"Palani Road, Dindigul","No: 106B, New Pensioner Street,, Palani Road,, Opposite Reliance Smart, Dindigul, 624001, India","http://maps.google.com/maps?saddr=&daddr=No:%20106B,%20New%20Pensioner%20Street,,%20Palani%20Road,,%20Opposite%20Reliance%20Smart,%20Dindigul,%20624001,%20India",091507 44475,tel:091507 44475,tel:+919791597915
Store ID: T023,"Palavakkam, Chennai","1/82A, East Coast Rd, near CSI Church, Palavakkam, Chennai, Tamil Nadu 600041","http://maps.google.com/maps?saddr=&daddr=1/82A,%20East%20Coast%20Rd,%20near%20CSI%20Church,%20Palavakkam,%20Chennai,%20Tamil%20Nadu%20600041",044 4309 9499,tel:044 4309 9499,tel:+919791597915
Store ID: T052,"Pallavaram, Chennai","No 8/24, Indira Gandhi Salai, Cantonment Pallavaram, Chennai, 600043, India","http://maps.google.com/maps?saddr=&daddr=No%208/24,%20Indira%20Gandhi%20Salai,%20Cantonment%20Pallavaram,%20Chennai,%20600043,%20India",044 4851 4233,tel:044 4851 4233,tel:+919791597915
Store ID: T098,"Pammal, Chennai","No. 73/A, Pammal Main Road, opp. to Nilgiris, Krishna Nagar, Pammal, Chennai, 600075, India","http://maps.google.com/maps?saddr=&daddr=No.%2073/A,%20Pammal%20Main%20Road,%20opp.%20to%20Nilgiris,%20Krishna%20Nagar,%20Pammal,%20Chennai,%20600075,%20India",9600005056,tel:9600005056,tel:+919791597915
Store ID: T083,"Paneer Nagar, Chennai","No 396, 1, Paneer Nagar, Mogappair East, Chennai, 600037, India","http://maps.google.com/maps?saddr=&daddr=No%20396,%201,%20Paneer%20Nagar,%20Mogappair%20East,%20Chennai,%20600037,%20India",044 4855 3452,tel:044 4855 3452,tel:+919791597915
Store ID: T011,"Perambur, Chennai","No. 134, 2, Paper Mills Road, 70 Feet Road, opp. to Ponnu Super Market, Chinnaiyan Colony, Perambur, Chennai, 600082, India","http://maps.google.com/maps?saddr=&daddr=No.%20134,%202,%20Paper%20Mills%20Road,%2070%20Feet%20Road,%20opp.%20to%20Ponnu%20Super%20Market,%20Chinnaiyan%20Colony,%20Perambur,%20Chennai,%20600082,%20India",044 4952 4662,tel:044 4952 4662,tel:+919791597915
Store ID: T115,"Perambur MH Road, Chennai","77, Madhavaram High Rd, near Revathi Readymades, Lakshmipuram, Chinnaiyan Colony, Perambur, Chennai, Tamil Nadu 600011","http://maps.google.com/maps?saddr=&daddr=%2077,%20Madhavaram%20High%20Rd,%20near%20Revathi%20Readymades,%20Lakshmipuram,%20Chinnaiyan%20Colony,%20Perambur,%20Chennai,%20Tamil%20Nadu%20600011",044 4860 9318,tel:044 4860 9318,tel:+919791597915
Store ID: T089,"Periyar Nagar West, Chennai","Plot No. B-41, New No. 6, Karthikeyan Road, Venkatesan Salai, Periyar Nagar West, Chennai, 600082, India","http://maps.google.com/maps?saddr=&daddr=Plot%20No.%20B-41,%20New%20No.%206,%20Karthikeyan%20Road,%20Venkatesan%20Salai,%20Periyar%20Nagar%20West,%20Chennai,%20600082,%20India",044 3551 2851,tel:044 3551 2851,tel:+919791597915
Store ID: T155,"Perumbakkam, Chennai","No.2/396, Sholinganallur Main Road, Perumbakkam, Chennai, 600100, India","http://maps.google.com/maps?saddr=&daddr=No.2/396,%20Sholinganallur%20Main%20Road,%20Perumbakkam,%20Chennai,%20600100,%20India",044 4865 1236,tel:044 4865 1236,tel:+919791597915
Store ID: T124,"Perundurai Road, Erode","No. 395/2, Perundurai Road, Near Sakthi Supermarket, Erode, 638011, India","http://maps.google.com/maps?saddr=&daddr=No.%20395/2,%20Perundurai%20Road,%20Near%20Sakthi%20Supermarket,%20Erode,%20638011,%20India",0424 497 1230,tel:0424 497 1230,tel:+919791597915
Store ID: T110,"Poonamallee 2, Chennai","Old No. 270, Trunk Road Poonamallee,, Near Government Hospital, Next Manapuram, Chennai, 600056, India","http://maps.google.com/maps?saddr=&daddr=Old%20No.%20270,%20Trunk%20Road%20Poonamallee,,%20Near%20Government%20Hospital,%20Next%20Manapuram,%20Chennai,%20600056,%20India",044 4526 5786,tel:044 4526 5786,tel:+919791597915
Store ID: T205,"Purasawakkam, Chennai","17/1, Door No, 35/1, Purasaivakkam High Rd, opp. to Fathima Jewellers, Chennai, Tamil Nadu 600007","http://maps.google.com/maps?saddr=&daddr=%2017/1,%20Door%20No,%2035/1,%20Purasaivakkam%20High%20Rd,%20opp.%20to%20Fathima%20Jewellers,%20Chennai,%20Tamil%20Nadu%20600007",044 4951 5422,tel:044 4951 5422,tel:+919791597915
Store ID: K032,"Rajarajeshwari Nagar, Bengaluru","No. 843, J.N.Road, Rajarajeswarinagar, Above SBM, Rajarajeswarinagar, Bengaluru, 560098, India","http://maps.google.com/maps?saddr=&daddr=No.%20843,%20J.N.Road,%20Rajarajeswarinagar,%20Above%20SBM,%20Rajarajeswarinagar,%20Bengaluru,%20560098,%20India",080 2860 5560,tel:080 2860 5560,tel:+919791597915
Store ID: K016,"Ramamurthy Nagar, Bengaluru","No. 46/2, Ground Floor, Muninanjappa Layout, Ramamurthy Nagar, Opposite Central Bank of India, Bengaluru, 560016, India","http://maps.google.com/maps?saddr=&daddr=No.%2046/2,%20Ground%20Floor,%20Muninanjappa%20Layout,%20Ramamurthy%20Nagar,%20Opposite%20Central%20Bank%20of%20India,%20Bengaluru,%20560016,%20India",080 4111 9633,tel:080 4111 9633,tel:+919791597915
Store ID: T143,"Ramanathapuram, Coimbatore","No. 1114 A, Trichy Rd, near Naturals Salon, Chinthamani, Rukmani Nagar, Ramanathapuram, Coimbatore, Tamil Nadu 641036","http://maps.google.com/maps?saddr=&daddr=No.%201114%20A,%20Trichy%20Rd,%20near%20Naturals%20Salon,%20Chinthamani,%20Rukmani%20Nagar,%20Ramanathapuram,%20Coimbatore,%20Tamil%20Nadu%20641036",0422 420 0430,tel:0422 420 0430,tel:+919791597915
Store ID: T207,"Ramnad, Ramanathapuram","1/1249 , Bharathi Nagar Sakkarakottai, Ramanathapuram, 623504, India","http://maps.google.com/maps?saddr=&daddr=1/1249%20,%20Bharathi%20Nagar%20Sakkarakottai,%20Ramanathapuram,%20623504,%20India",04567 352 588,tel:04567 352 588,tel:+919791597915
Store ID: P002,"Reddiarpalayam, Puducherry","46-A, Villianur Main Road, Pavazha Nagar, Reddiar Palayam, Puducherry, 605005, India","http://maps.google.com/maps?saddr=&daddr=46-A,%20Villianur%20Main%20Road,%20Pavazha%20Nagar,%20Reddiar%20Palayam,%20Puducherry,%20605005,%20India",0413 430 8187,tel:0413 430 8187,tel:+919791597915
Store ID: T057,"Red Hills Road, Ambattur","New No 36, Old, No 160, 1, Ambattur Red Hills Road, Venkatapuram, New Anna Nagar, Ambattur, Chennai, 600053, India","http://maps.google.com/maps?saddr=&daddr=New%20No%2036,%20Old,%20No%20160,%201,%20Ambattur%20Red%20Hills%20Road,%20Venkatapuram,%20New%20Anna%20Nagar,%20Ambattur,%20Chennai,%20600053,%20India",044 4852 5968,tel:044 4852 5968,tel:+919791597915
Store ID: T055,"RK Mutt Road, Mylapore","Matricks School, No. 55&34, Ramakrishna Mutt Rd, opposite PS Sivasamy Road, Alamelu Manga Puram, Sankarapuram, Mylapore, Chennai, Tamil Nadu 600004","http://maps.google.com/maps?saddr=&daddr=Matricks%20School,%20No.%2055&34,%20Ramakrishna%20Mutt%20Rd,%20opposite%20PS%20Sivasamy%20Road,%20Alamelu%20Manga%20Puram,%20Sankarapuram,%20Mylapore,%20Chennai,%20Tamil%20Nadu%20600004",044 3504 3360,tel:044 3504 3360,tel:+919791597915
Store ID: T221,"Royapuram, Chennai","No.70 mannarsamy koil street, Somu Nagar, Royapuram, Chennai, 600013, India","http://maps.google.com/maps?saddr=&daddr=No.70%20mannarsamy%20koil%20street,%20Somu%20Nagar,%20Royapuram,%20Chennai,%20600013,%20India",044 4232 7348,tel:044 4232 7348,tel:+919791597915
Store ID: T113,"R. S. Puram, Coimbatore","Sakthi Square, 574- A, Diwan Bahadur Road, R.S. Puram, Coimbatore, 641002, India","http://maps.google.com/maps?saddr=&daddr=Sakthi%20Square,%20574-%20A,%20Diwan%20Bahadur%20Road,%20R.S.%20Puram,%20Coimbatore,%20641002,%20India",0422 495 6874,tel:0422 495 6874,tel:+919791597915
Store ID: K142,"RT Nagar Main Road, Bangalore","No: 2, Rabindranath Tagore Nagar Main Rd, P&T Colony, RT Nagar, Bengaluru, 560032, India","http://maps.google.com/maps?saddr=&daddr=No:%202,%20Rabindranath%20Tagore%20Nagar%20Main%20Rd,%20P&T%20Colony,%20RT%20Nagar,%20Bengaluru,%20560032,%20India",08041986483,tel:08041986483,tel:+919791597915
Store ID: T054,"Sadhasivam Nagar, Madipakkam","No. 68, near Icici Bank ATM, Sadasiva Nagar, Madipakkam, Chennai, Tamil Nadu 600091","http://maps.google.com/maps?saddr=&daddr=%20No.%2068,%20near%20Icici%20Bank%20ATM,%20Sadasiva%20Nagar,%20Madipakkam,%20Chennai,%20Tamil%20Nadu%20600091",044 4850 4277,tel:044 4850 4277,tel:+919791597915
Store ID: K028,"Sahakar Nagar, Bengaluru","No. 844, 17th Cross Road, A Block, Sahakar Nagar, Bengaluru, 560092, India","http://maps.google.com/maps?saddr=&daddr=No.%20844,%2017th%20Cross%20Road,%20A%20Block,%20Sahakar%20Nagar,%20Bengaluru,%20560092,%20India",080 4166 6103,tel:080 4166 6103,tel:+919791597915
Store ID: T112,"Sai Baba Colony 2, Coimbatore","No. 244, N.S.R Road, Opp To Avila School,Coimbatore, Coimbatore, 641011, India","http://maps.google.com/maps?saddr=&daddr=No.%20244,%20N.S.R%20Road,%20Opp%20To%20Avila%20School,Coimbatore,%20Coimbatore,%20641011,%20India",063790 38738,tel:063790 38738,tel:+919791597915
Store ID: T111,"Saibaba Colony, Coimbatore","37, NSR Rd, near Himalaya Wellness Store, Nesavaalar Colony, Saibaba Colony, Coimbatore, Tamil Nadu 641011","http://maps.google.com/maps?saddr=&daddr=37,%20NSR%20Rd,%20near%20Himalaya%20Wellness%20Store,%20Nesavaalar%20Colony,%20Saibaba%20Colony,%20Coimbatore,%20Tamil%20Nadu%20641011",0422 495 6863,tel:0422 495 6863,tel:
Store ID: T173,"Salem Road, Namakkal","No. 197/59, Salem Road, Opp to Arrs Silks, Namakkal, 637001, India","http://maps.google.com/maps?saddr=&daddr=No.%20197/59,%20Salem%20Road,%20Opp%20to%20Arrs%20Silks,%20Namakkal,%20637001,%20India",063857 89308,tel:063857 89308,tel:+919791597915
Store ID: T219,"Saligramam, Chennai","No. 25/32, Arunachalam Road, Saligramam, Beside Sri Ayyappan Temple, Chennai, 600093, India","http://maps.google.com/maps?saddr=&daddr=No.%2025/32,%20Arunachalam%20Road,%20Saligramam,%20Beside%20Sri%20Ayyappan%20Temple,%20Chennai,%20600093,%20India",044 4978 8684,tel:044 4978 8684,tel:+919791597915
Store ID: K101,"Sapthagiri College, Chikkabanavara","Hesaraghatta Rd, Chikkabanavara, Near Sapthagiri College, Bengaluru, 560090, India","http://maps.google.com/maps?saddr=&daddr=Hesaraghatta%20Rd,%20Chikkabanavara,%20Near%20Sapthagiri%20College,%20Bengaluru,%20560090,%20India",080 3589 3552,tel:080 3589 3552,tel:+919791597915
Store ID: T177,"SAP Theatre, Tiruppur","139 (4, Avinashi Main Road, near Sap Theatre, Gandhinagar, Velampalayam, Tiruppur, 641603, India","http://maps.google.com/maps?saddr=&daddr=139%20(4,%20Avinashi%20Main%20Road,%20near%20Sap%20Theatre,%20Gandhinagar,%20Velampalayam,%20Tiruppur,%20641603,%20India",0421 423 1433,tel:0421 423 1433,tel:+919791597915
Store ID: T167,"Saravanampatti, Coimbatore","199/1F, 199/1G, Sathy Road, Saravanampatty,, Near Prozone Mall, Coimbatore, 641035, India","http://maps.google.com/maps?saddr=&daddr=199/1F,%20199/1G,%20Sathy%20Road,%20Saravanampatty,,%20Near%20Prozone%20Mall,%20Coimbatore,%20641035,%20India",0422 424 7037,tel:0422 424 7037,tel:+919791597915
Store ID: T013,"Selaiyur, Chennai","No 440, Velachery Main Road, Selaiyur, Chennai, 600073, India","http://maps.google.com/maps?saddr=&daddr=No%20440,%20Velachery%20Main%20Road,%20Selaiyur,%20Chennai,%20600073,%20India",044 4860 0987,tel:044 4860 0987,tel:+919791597915
Store ID: T151,"Sembakkam, Chennai","248 A, 248 A, Velachery Main Road, opposite to V.v.mart, Durga Colony, Sembakkam, Chennai, 600072, India","http://maps.google.com/maps?saddr=&daddr=248%20A,%20248%20A,%20Velachery%20Main%20Road,%20opposite%20to%20V.v.mart,%20Durga%20Colony,%20Sembakkam,%20Chennai,%20600072,%20India",044 4501 1478,tel:044 4501 1478,tel:+919791597915
Store ID: T014,"Shanthi Colony, Chennai","AB 143, 4th Avenue, Shanthi Colony, Anna Nagar, Chennai, 600040, India","http://maps.google.com/maps?saddr=&daddr=AB%20143,%204th%20Avenue,%20Shanthi%20Colony,%20Anna%20Nagar,%20Chennai,%20600040,%20India",044 4359 7293,tel:044 4359 7293,tel:+919791597915
Store ID: T125,"Shanthi Nagar, Hosur","No.18/35 , Shop, Govt Hospital, No. 2, Denkanikotta Road, near Hosur, Shanthi Nagar West, Hosur, 635109, India","http://maps.google.com/maps?saddr=&daddr=No.18/35%20,%20Shop,%20Govt%20Hospital,%20No.%202,%20Denkanikotta%20Road,%20near%20Hosur,%20Shanthi%20Nagar%20West,%20Hosur,%20635109,%20India",04344 221 200,tel:04344 221 200,tel:+919791597915
Store ID: T126,"Shastri Road, Tiruchirappalli","No. 8 D, (New No. 60),, Dr. Swaminatha Sastri Road,, Near By Old Sippy Theater,, Trichy, 620017, India","http://maps.google.com/maps?saddr=&daddr=No.%208%20D,%20(New%20No.%2060),,%20Dr.%20Swaminatha%20Sastri%20Road,,%20Near%20By%20Old%20Sippy%20Theater,,%20Trichy,%20620017,%20India",0431 497 4572,tel:0431 497 4572,tel:+919791597915
Store ID: K140,Shivamogga,"NO. 344/2, Savalanga Road, Near JP Hospital, Shivamogga, 577201, India","http://maps.google.com/maps?saddr=&daddr=NO.%20344/2,%20Savalanga%20Road,%20Near%20JP%20Hospital,%20Shivamogga,%20577201,%20India",081824 71156,tel:081824 71156,tel:+919791597915
Store ID: T168,"Sholinganallur, Chennai","Deluxe Residential Houses, Rajiv Gandhi Salai, near WOW China, Ezhil Nagar, Sholinganallur, Chennai, Tamil Nadu 600119","http://maps.google.com/maps?saddr=&daddr=Deluxe%20Residential%20Houses,%20Rajiv%20Gandhi%20Salai,%20near%20WOW%20China,%20Ezhil%20Nagar,%20Sholinganallur,%20Chennai,%20Tamil%20Nadu%20600119",044 4356 2482,tel:044 4356 2482,tel:+919791597915
Store ID: K131,"Shree Ananth Nagar, Bengaluru","No. 124 / 1160, Shree Ananth Nagar Layout, Electronic City, Near Kodak Express, Bengaluru, 560100, India","http://maps.google.com/maps?saddr=&daddr=No.%20124%20/%201160,%20Shree%20Ananth%20Nagar%20Layout,%20Electronic%20City,%20Near%20Kodak%20Express,%20Bengaluru,%20560100,%20India",080 4390 4095,tel:080 4390 4095,tel:+919791597915
Store ID: K126,Siddhartha Nagar Mysore,"829 Vinaya Marga, Main, Road, opposite Apollo Pharmacy, Siddhartha Layout, Mysuru, Karnataka 570011","http://maps.google.com/maps?saddr=&daddr=829%20Vinaya%20Marga,%20Main,%20Road,%20opposite%20Apollo%20Pharmacy,%20Siddhartha%20Layout,%20Mysuru,%20Karnataka%20570011",0821 405 6690,tel:0821 405 6690,tel:+919791597915
Store ID: T161,"Simon Nagar, Nagercoil","No. 167, Opp. to Collector Office, K.P Road, Nagercoil, 629001, India","http://maps.google.com/maps?saddr=&daddr=No.%20167,%20Opp.%20to%20Collector%20Office,%20K.P%20Road,%20Nagercoil,%20629001,%20India",04652 403 388,tel:04652 403 388,tel:+919791597915
Store ID: T146,"Singanallur, Coimbatore","493, Trichy Road, Opp to reliance garden &, Ambal Theatre, Singanallur, Coimbatore, 641005, India","http://maps.google.com/maps?saddr=&daddr=493,%20Trichy%20Road,%20Opp%20to%20reliance%20garden%20&,%20Ambal%20Theatre,%20Singanallur,%20Coimbatore,%20641005,%20India",0422 420 2740,tel:0422 420 2740,tel:+919791597915
Store ID: K124,"Srinivasa Nagar 2, Bengaluru","No. 276, Sri Sai Mansion, 80 Feet Road, Srinivasa Nagar, Banashankari, Near Bata, Bengaluru, 560050, India","http://maps.google.com/maps?saddr=&daddr=No.%20276,%20Sri%20Sai%20Mansion,%2080%20Feet%20Road,%20Srinivasa%20Nagar,%20Banashankari,%20Near%20Bata,%20Bengaluru,%20560050,%20India",091500 52228,tel:091500 52228,tel:+919791597915
Store ID: T080,"S S Colony, Madurai","No. 11/1B, GV Complex Bye Pass Road, 2nd St, near SBI, Somasundaram colony, S S Colony, Madurai, Tamil Nadu 625016","http://maps.google.com/maps?saddr=&daddr=No.%2011/1B,%20GV%20Complex%20Bye%20Pass%20Road,%202nd%20St,%20near%20SBI,%20Somasundaram%20colony,%20S%20S%20Colony,%20Madurai,%20Tamil%20Nadu%20625016",0452 495 1805,tel:0452 495 1805,tel:+919791597915
Store ID: T157,"Sundaram Nagar, Thanjavur","No.14, Sundaram Nagar, Medical College Road, Next To Green Trends, Thanjavur, 613007, India","http://maps.google.com/maps?saddr=&daddr=No.14,%20Sundaram%20Nagar,%20Medical%20College%20Road,%20Next%20To%20Green%20Trends,%20Thanjavur,%20613007,%20India",04362 458 855,tel:04362 458 855,tel:+919791597915
Store ID: T003,"Tambaram West, Chennai","Old No 29 New, No 12, Kakkan Street, Tambaram West, Chennai, 600045, India","http://maps.google.com/maps?saddr=&daddr=Old%20No%2029%20New,%20No%2012,%20Kakkan%20Street,%20Tambaram%20West,%20Chennai,%20600045,%20India",044 4214 3293,tel:044 4214 3293,tel:+919791597915
Store ID: T116,"Tatabad, Coimbatore","Krishnasamy Towers, Dr Rajendra Prasad Rd, near Joyalukkas Jewellery, Tatabad, Coimbatore, Tamil Nadu 641012","http://maps.google.com/maps?saddr=&daddr=%20Krishnasamy%20Towers,%20Dr%20Rajendra%20Prasad%20Rd,%20near%20Joyalukkas%20Jewellery,%20Tatabad,%20Coimbatore,%20Tamil%20Nadu%20641012",0422 495 4097,tel:0422 495 4097,tel:+919791597915
Store ID: K039,"T. Dasarahalli, Bengaluru","No. 16, Vijaya Nagar Extension, T. Dasarahalli, Bengaluru, 560015, India","http://maps.google.com/maps?saddr=&daddr=No.%2016,%20Vijaya%20Nagar%20Extension,%20T.%20Dasarahalli,%20Bengaluru,%20560015,%20India",080 4850 6008,tel:080 4850 6008,tel:+919791597915
Store ID: K051,"Thambu Chetty Palya, Bengaluru","No. 52/53, RVR Complex, Thambu Chetty Palya Main Road, Varanasi, Bengaluru, 560016, India","http://maps.google.com/maps?saddr=&daddr=No.%2052/53,%20RVR%20Complex,%20Thambu%20Chetty%20Palya%20Main%20Road,%20Varanasi,%20Bengaluru,%20560016,%20India",063855 64045,tel:063855 64045,tel:+919791597915
Store ID: K120,"Thanisandra, Bengaluru","No. 39/3, MNC Arcade, Thanisandra Main Road, Thanisandra, Opposite Sri Devi Grand Hotel, Bengaluru, 560077, India","http://maps.google.com/maps?saddr=&daddr=No.%2039/3,%20MNC%20Arcade,%20Thanisandra%20Main%20Road,%20Thanisandra,%20Opposite%20Sri%20Devi%20Grand%20Hotel,%20Bengaluru,%20560077,%20India",073059 66659,tel:073059 66659,tel:+919791597915
Store ID: T131,"Thillai Nagar, Tiruchirappalli","No. 10 A, 11Th Cross,, Thillai Nagar Main Road,, Opp To Lakshmi Arcade Complex,, Tiruchirappalli, 620018, India","http://maps.google.com/maps?saddr=&daddr=No.%2010%20A,%2011Th%20Cross,,%20Thillai%20Nagar%20Main%20Road,,%20Opp%20To%20Lakshmi%20Arcade%20Complex,,%20Tiruchirappalli,%20620018,%20India",0431 497 2638,tel:0431 497 2638,tel:+919791597915
Store ID: T211,"Thillaipuram, Namakkal","No.105, Arun Tower, Paramathi Rd, opp. ibaco, S P Pudur, Thillaipuram, Namakkal, Tamil Nadu 637001","http://maps.google.com/maps?saddr=&daddr=%20No.105,%20Arun%20Tower,%20Paramathi%20Rd,%20opp.%20ibaco,%20S%20P%20Pudur,%20Thillaipuram,%20Namakkal,%20Tamil%20Nadu%20637001",089258 13991,tel:089258 13991,tel:+919791597915
Store ID: T109,"Thiruninravur, Chennai","105 , VRN Complex, CTH Road, Portion B , Mylai C Periasamy Plaza, Landmark : Next to Med Plus, Chennai, 602024, India","http://maps.google.com/maps?saddr=&daddr=105%20,%20VRN%20Complex,%20CTH%20Road,%20Portion%20B%20,%20Mylai%20C%20Periasamy%20Plaza,%20Landmark%20:%20Next%20to%20Med%20Plus,%20Chennai,%20602024,%20India",073054 96950,tel:073054 96950,tel:+919791597915
Store ID: T212,"Thiruporur, Chennai","No. 9, Melanda Veethi, Next to S.G Gold Palace, Thiruporur, Chennai, 603110, India","http://maps.google.com/maps?saddr=&daddr=No.%209,%20Melanda%20Veethi,%20Next%20to%20S.G%20Gold%20Palace,%20Thiruporur,%20Chennai,%20603110,%20India",073581 19916,tel:073581 19916,tel:+919791597915
Store ID: T200,"Thiruvalluvar Nagar, Krishnagiri","No. 218, RM Square, Bangalore Rd, opp. Thaluk Office, Thiruvalluvar Nagar, Krishnagiri, Tamil Nadu 635001","http://maps.google.com/maps?saddr=&daddr=%20No.%20218,%20RM%20Square,%20Bangalore%20Rd,%20opp.%20Thaluk%20Office,%20Thiruvalluvar%20Nagar,%20Krishnagiri,%20Tamil%20Nadu%20635001",04343 460 854,tel:04343 460 854,tel:+919791597915
Store ID: T144,Thiruverambur,"No.10, Vaithiyalingam Nagar,, Tanjore Main Road,, Next To Green Trends,, Thiruverambur,, Trichy, 620014, India","http://maps.google.com/maps?saddr=&daddr=No.10,%20Vaithiyalingam%20Nagar,,%20Tanjore%20Main%20Road,,%20Next%20To%20Green%20Trends,,%20Thiruverambur,,%20Trichy,%20620014,%20India",0431 497 2131,tel:0431 497 2131,tel:+919791597915
Store ID: T158,"Thoraipakkam, Chennai","3, 200 Feet Radial Rd, near 70MM, Thoraipakkam, Chennai, Tamil Nadu 600097","http://maps.google.com/maps?saddr=&daddr=%203,%20200%20Feet%20Radial%20Rd,%20near%2070MM,%20Thoraipakkam,%20Chennai,%20Tamil%20Nadu%20600097",044 4335 9157,tel:044 4335 9157,tel:+919791597915
Store ID: AP008,"Thotapalyam, Chittoor","No. 18-1003, Prakasam High Rd, opp. Ramraj Textile Showroom, Thotapalyam, Chittoor, Andhra Pradesh 517001","http://maps.google.com/maps?saddr=&daddr=No.%2018-1003,%20Prakasam%20High%20Rd,%20opp.%20Ramraj%20Textile%20Showroom,%20Thotapalyam,%20Chittoor,%20Andhra%20Pradesh%20517001",085723 50005,tel:085723 50005,tel:+919791597915
Store ID: T030,TH Raod Thiruvottiyur,"No. 1069/A, Th. Road, Opp To Indian Bank & Next To Csi Church,Chennai, Chennai, 600019, India","http://maps.google.com/maps?saddr=&daddr=No.%201069/A,%20Th.%20Road,%20Opp%20To%20Indian%20Bank%20&%20Next%20To%20Csi%20Church,Chennai,%20Chennai,%20600019,%20India",044 4773 2594,tel:044 4773 2594,tel:+919791597915
Store ID: T118,"Thudiyalur, Coimbatore","No. 27, Mayanz Forum, Mettupalayam Road, Opp To State Bank Of India,Coimbatore, Coimbatore, 641034, India","http://maps.google.com/maps?saddr=&daddr=No.%2027,%20Mayanz%20Forum,%20Mettupalayam%20Road,%20Opp%20To%20State%20Bank%20Of%20India,Coimbatore,%20Coimbatore,%20641034,%20India",0422 495 4120,tel:0422 495 4120,tel:+919791597915
Store ID: T196,"Tiruppur Road, Avinashi","No: 351, Narbavi Towers, Post Office Street Avinashi Road, Avinashi, 641654, India","http://maps.google.com/maps?saddr=&daddr=No:%20351,%20Narbavi%20Towers,%20Post%20Office%20Street%20Avinashi%20Road,%20Avinashi,%20641654,%20India",04296 469 946,tel:04296 469 946,tel:+919791597915
Store ID: T079,"Tiruvottiyur, Chennai","838, Thiruvottiyur High Rd, opp. Gowri Ashram, Mavena Nagar, Rajakadai, Tiruvottiyur, Chennai, Tamil Nadu 600119","http://maps.google.com/maps?saddr=&daddr=838,%20Thiruvottiyur%20High%20Rd,%20opp.%20Gowri%20Ashram,%20Mavena%20Nagar,%20Rajakadai,%20Tiruvottiyur,%20Chennai,%20Tamil%20Nadu%20600119",044 4857 9083,tel:044 4857 9083,tel:+919791597915
Store ID: T015,"T Nagar, Chennai","Zion Complex, No 5, Thirumalai Pillai Road, T. Nagar, Chennai, 600017, India","http://maps.google.com/maps?saddr=&daddr=Zion%20Complex,%20No%205,%20Thirumalai%20Pillai%20Road,%20T.%20Nagar,%20Chennai,%20600017,%20India",044 4357 8293,tel:044 4357 8293,tel:+919791597915
Store ID: T017,"Triplicane, Chennai","No 245, K.A.S.R Towers, Triplicane high road, Chennai, 600005, India","http://maps.google.com/maps?saddr=&daddr=No%20245,%20K.A.S.R%20Towers,%20Triplicane%20high%20road,%20Chennai,%20600005,%20India",044 4359 3293,tel:044 4359 3293,tel:
Store ID: T121,"Urapakkam, Chennai","No. 236, Grand Southern Trunk Road, Urapakkam, Chennai, 603210, India","http://maps.google.com/maps?saddr=&daddr=No.%20236,%20Grand%20Southern%20Trunk%20Road,%20Urapakkam,%20Chennai,%20603210,%20India",044 4852 0364,tel:044 4852 0364,tel:+919791597915
Store ID: T117,"Vadavalli, Coimbatore","NO. 8/165, KALIGAMBAL COMPLEX, OPP TO ANANDHAAS HOTEL, MARUTHAMAILAI ROAD, Coimbatore, 641041, India","http://maps.google.com/maps?saddr=&daddr=NO.%208/165,%20KALIGAMBAL%20COMPLEX,%20OPP%20TO%20ANANDHAAS%20HOTEL,%20MARUTHAMAILAI%20ROAD,%20Coimbatore,%20641041,%20India",0422 495 4098,tel:0422 495 4098,tel:+919791597915
Store ID: T042,"Valaiyapathi Salai, Mogappair East","No 1/ 578, Valaiyapathi Salai, Mogappair East, Chennai, 600037, India","http://maps.google.com/maps?saddr=&daddr=No%201/%20578,%20Valaiyapathi%20Salai,%20Mogappair%20East,%20Chennai,%20600037,%20India",044 4952 8245,tel:044 4952 8245,tel:+919791597915
Store ID: T172,"Vallal MGR Salai, Maraimalai Nagar","HIG 45, Vallal MGR Salai, NH-1, Maraimalai Nagar, 603209, India","http://maps.google.com/maps?saddr=&daddr=HIG%2045,%20Vallal%20MGR%20Salai,%20NH-1,%20Maraimalai%20Nagar,%20603209,%20India",044 4768 9473,tel:044 4768 9473,tel:+919791597915
Store ID: T021,"Valluvar Kottam High Road, Chennai","No 350, Block Z, 23, Valluvar Kottam High Road, Tirumurthy Nagar, Nungambakkam, Chennai, 600034, India","http://maps.google.com/maps?saddr=&daddr=No%20350,%20Block%20Z,%2023,%20Valluvar%20Kottam%20High%20Road,%20Tirumurthy%20Nagar,%20Nungambakkam,%20Chennai,%20600034,%20India",044 4359 0293,tel:044 4359 0293,tel:+919791597915
Store ID: T067,"Valsaravakkam, Chennai","No. 77/ 28, Arcot Road, Veerappa Nagar, Next To Grace Super Market,Chennai, Chennai, 600087, India","http://maps.google.com/maps?saddr=&daddr=No.%2077/%2028,%20Arcot%20Road,%20Veerappa%20Nagar,%20Next%20To%20Grace%20Super%20Market,Chennai,%20Chennai,%20600087,%20India",044 4767 8658,tel:044 4767 8658,tel:+919791597915
Store ID: TS006,"Vanasthalipuram, Hyderabad","No. 52, Vanasthalipuram Main Rd, near FMS Dental, AK Residency, Vanasthalipuram, Hyderabad, Telangana 500070","http://maps.google.com/maps?saddr=&daddr=No.%2052,%20Vanasthalipuram%20Main%20Rd,%20near%20FMS%20Dental,%20AK%20Residency,%20Vanasthalipuram,%20Hyderabad,%20Telangana%20500070",040 4890 3797,tel: 040 4890 3797,tel:+919791597915
Store ID: T031,"Velachery, Chennai","Old No 42 New No 14, Bus stop, next to Ganga Sweets &, opp. to Vijaya Nagar, Sarathy Nagar, Velachery, Chennai, 600042, India","http://maps.google.com/maps?saddr=&daddr=Old%20No%2042%20New%20No%2014,%20Bus%20stop,%20next%20to%20Ganga%20Sweets%20&,%20opp.%20to%20Vijaya%20Nagar,%20Sarathy%20Nagar,%20Velachery,%20Chennai,%20600042,%20India",044 4711 1993,tel:044 4711 1993,tel:+919791597915
Store ID: T096,Vellalar Street Adambakkam,"No. 33 & 56, Vellalar St, near Jio Digital Life, Nanganallur, Jeevan Nagar, Adambakkam, Chennai, Tamil Nadu 600088","http://maps.google.com/maps?saddr=&daddr=No.%2033%20&%2056,%20Vellalar%20St,%20near%20Jio%20Digital%20Life,%20Nanganallur,%20Jeevan%20Nagar,%20Adambakkam,%20Chennai,%20Tamil%20Nadu%20600088",044 4852 2128,tel:044 4852 2128,tel:+919791597915
Store ID: T024,"Venkatanarayana Road, T Nagar","No 49, Venkatanarayana Road, Parthasarathi Puram, T. Nagar, Chennai, 600017, India","http://maps.google.com/maps?saddr=&daddr=No%2049,%20Venkatanarayana%20Road,%20Parthasarathi%20Puram,%20T.%20Nagar,%20Chennai,%20600017,%20India",044 4358 1293,tel:044 4358 1293,tel:
Store ID: K030,"Vidyaranyapura, Bengaluru","No. 808, BEL Layout, Vidyaranyapura, Bengaluru, 560097, India","http://maps.google.com/maps?saddr=&daddr=No.%20808,%20BEL%20Layout,%20Vidyaranyapura,%20Bengaluru,%20560097,%20India",080 4853 6611,tel:080 4853 6611,tel:+919791597915
Store ID: K040,"Vignan Nagar, Bengaluru","No. 266, Namjoshi Main Road, Vignan Nagar, Malleshpalya, Bengaluru, 560037, India","http://maps.google.com/maps?saddr=&daddr=No.%20266,%20Namjoshi%20Main%20Road,%20Vignan%20Nagar,%20Malleshpalya,%20Bengaluru,%20560037,%20India",080 4890 7652,tel:080 4890 7652,tel:+919791597915
Store ID: K017,"Vijaya Nagar, Bengaluru","No. 4&5, No. 1040/A, 6th Main Road, Vijaya Nagar, Near MK Super Market, Bengaluru, 560040, India","http://maps.google.com/maps?saddr=&daddr=No.%204&5,%20No.%201040/A,%206th%20Main%20Road,%20Vijaya%20Nagar,%20Near%20MK%20Super%20Market,%20Bengaluru,%20560040,%20India",080 4153 7055,tel:080 4153 7055,tel:+919791597915
Store ID: K134,vijayapura,"15, Lingad Gudi Rd, Sumiti Nagar, Sholapur, Vijayapura, Karnataka 586101","http://maps.google.com/maps?saddr=&daddr=15,%20Lingad%20Gudi%20Rd,%20Sumiti%20Nagar,%20Sholapur,%20Vijayapura,%20Karnataka%20586101",083523 11530,tel:083523 11530,tel:+919791597915
Store ID: T075,"Villivakkam, Chennai","Old No. 168/1, New No. 177/1, Near Kalpana Hotel Bus Stand, Villivakkam, Chennai, 600049, India","http://maps.google.com/maps?saddr=&daddr=Old%20No.%20168/1,%20New%20No.%20177/1,%20Near%20Kalpana%20Hotel%20Bus%20Stand,%20Villivakkam,%20Chennai,%20600049,%20India",044 4861 7541,tel:044 4861 7541,tel:+919791597915
Store ID: T209,"Weavers Colony, Dharmapuri","No.6, 49, Salem Main Rd, Weavers Colony, Dharmapuri, Tamil Nadu 636701","http://maps.google.com/maps?saddr=&daddr=No.6,%2049,%20Salem%20Main%20Rd,%20Weavers%20Colony,%20Dharmapuri,%20Tamil%20Nadu%20636701",04342 350 054,tel:04342 350 054,tel:+919791597915
Store ID: T171,"Westcar street, Chidambaram","No. 186 Kothari Complex, Westcar street, Chidambaram, 608001, India","http://maps.google.com/maps?saddr=&daddr=No.%20186%20Kothari%20Complex,%20Westcar%20street,%20Chidambaram,%20608001,%20India",063857 89309,tel:063857 89309,tel:+919791597915
Store ID: T005,West Mambalam,"No.36, Old No.93, Aryagowda Road, Gokulam Colony, Postal Colony, West Mambalam, Chennai, 600033, India","http://maps.google.com/maps?saddr=&daddr=No.36,%20Old%20No.93,%20Aryagowda%20Road,%20Gokulam%20Colony,%20Postal%20Colony,%20West%20Mambalam,%20Chennai,%20600033,%20India",044 4359 6293,tel:044 4359 6293,tel:+919791597915
Store ID: K138,"West of Chord Road, Bengaluru","No. 706, West of Chord Road, 2nd Stage, Basaveshwar Nagar, Opp. Sea Route, Bengaluru, 560086, India","http://maps.google.com/maps?saddr=&daddr=No.%20706,%20West%20of%20Chord%20Road,%202nd%20Stage,%20Basaveshwar%20Nagar,%20Opp.%20Sea%20Route,%20Bengaluru,%20560086,%20India",072000 93617,tel:072000 93617,tel:+919791597915
Store ID: K080,"Whitefield, Bengaluru","No. 624, Whitefield Main Road, Whitefield, Near Reliance Fresh, Bengaluru, 560066, India","http://maps.google.com/maps?saddr=&daddr=No.%20624,%20Whitefield%20Main%20Road,%20Whitefield,%20Near%20Reliance%20Fresh,%20Bengaluru,%20560066,%20India",080 4115 0418,tel:080 4115 0418,tel:+919791597915
Store ID: K127,"Wilson Garden, Bengaluru","No.21, Siddaiah Road, Wilson Garden, Opp. Wilson Garden, Bengaluru, 560027, India","http://maps.google.com/maps?saddr=&daddr=No.21,%20Siddaiah%20Road,%20Wilson%20Garden,%20Opp.%20Wilson%20Garden,%20Bengaluru,%20560027,%20India",080 4991 1247,tel:080 4991 1247,tel:+919791597915
Store ID: K049,"Yelahanka New Town, Bengaluru","No. 2329, 16th B Cross Road, Yelahanka New Town, Near Bus Terminus, Bengaluru, 560064, India","http://maps.google.com/maps?saddr=&daddr=No.%202329,%2016th%20B%20Cross%20Road,%20Yelahanka%20New%20Town,%20Near%20Bus%20Terminus,%20Bengaluru,%20560064,%20India",080 4372 1454,tel:080 4372 1454,tel:+919791597915
Store ID: K070,"Yelanka Old Town, Bengaluru","No. 509/1, No.614, Amathi Shopping Complex, BB Road, Yelahanka, Opposite Post Office, Bengaluru, 560064, India","http://maps.google.com/maps?saddr=&daddr=No.%20509/1,%20No.614,%20Amathi%20Shopping%20Complex,%20BB%20Road,%20Yelahanka,%20Opposite%20Post%20Office,%20Bengaluru,%20560064,%20India",080 4125 8143,tel:080 4125 8143,tel:+919791597915